ID	NUMBER	ENGLISH	LEXIBANK_GLOSS	CONCEPTICON_ID	CONCEPTICON_GLOSS	NORWEGIAN	NORWEGIAN_FREQUENCY	SWEDISH	SWEDISH_FREQUENCY	BORROWING	ANIMACY	MASS_NOUN	ABSTRACTNESS
Epps-2021-844-1	1	0	0	1294	ZERO	frimerke	3	frimärke	7	c	0	0	0
Epps-2021-844-2	2	24-HOUR PERIOD	24-HOUR PERIOD	1260	DAY (24 HOURS)	døgn, døger		dygn	57	c	0	0	1
Epps-2021-844-3	3	ADDRESS	ADDRESS	591	ADDRESS	adresse	18	adress	17	l	0	0	0
Epps-2021-844-4	4	ADULTERY	ADULTERY	902	ADULTERY	utruskap@	1	otrohet	4	l	0	x	1
Epps-2021-844-5	5	AFTERNOON	AFTERNOON 1 // AFTERNOON 2	1807	AFTERNOON	aftan, eftan	4	afton	16	c	0	0	1
Epps-2021-844-6	6	AGE	AGE	1789	AGE	epoke	9	epok	40	l	0	1	1
Epps-2021-844-7	7	AIR	AIR	27	AIR	luft	71	luft	114	l	0	1	0
Epps-2021-844-8	8	AIRPLANE	AIRPLANE	1597	AIRPLANE		80	flygplan	92	l	0	0	0
Epps-2021-844-9	9	ALLIGATOR	ALLIGATOR	1581	ALLIGATOR	alligator	0	alligator	0	l	1	0	0
Epps-2021-844-10	10	ALTAR	ALTAR	853	ALTAR	altar, alter	12	altare	11	l	0	0	0
Epps-2021-844-11	11	AMBUSH	AMBUSH	65	AMBUSH	bakhald	3	bakhåll	2	c	0	1	1
Epps-2021-844-12	12	ANCESTORS	ANCESTORS	1669	ANCESTORS	forfader	0	förfader	16	c	1	1	0
Epps-2021-844-13	13	ANCHOR	ANCHOR	1870	ANCHOR	anker	1	ankare	1	l	0	0	0
Epps-2021-844-14	14	ANGER	ANGER 1 // ANGER 2 // ANGER 3	82	ANGER	ilske	0	ilska	1	c	0	x	1
Epps-2021-844-15	15	ANIMAL	ANIMAL	619	ANIMAL	dyr	97	djur	100	c	1	0	0
Epps-2021-844-16	16	ANKLE	ANKLE	803	ANKLE	ankel; okle	0	ankel	0	c	0	0	0
Epps-2021-844-17	17	ANT	ANT	587	ANT	maur	12	myra	3	c	1	1	0
Epps-2021-844-18	18	ANVIL	ANVIL	1648	ANVIL	ste	0	städ	0	c	0	0	0
Epps-2021-844-19	19	ANXIETY	ANXIETY 1 // ANXIETY 2 // ANXIETY 3	1000	ANXIETY			ängslan@	10	c	0	x	1
Epps-2021-844-20	20	ARCH	ARCH 1 // ARCH 2	876	ARCH	kvelv	1	valv	15	c	0	0	0
Epps-2021-844-21	21	ARCTIC LIGHTS	ARCTIC LIGHTS 1 // ARCTIC LIGHTS 2	261	ARCTIC LIGHTS	nordlys	0	nordljus,norrljus	0	c	0	1	0
Epps-2021-844-22	22	ARM	ARM	1673	ARM	arm	109	arm	40	c	0	0	0
Epps-2021-844-23	23	ARMOUR	ARMOUR	1061	ARMOUR	rustning	1	rustning	8	l	0	1	0
Epps-2021-844-24	24	ARMPIT	ARMPIT	1886	ARMPIT	armhole	1	armhåla	1	c	0	0	0
Epps-2021-844-25	25	ARMY	ARMY 1 // ARMY 2	1561	ARMY	armé	1	armé	62	l	0	1	0
Epps-2021-844-26	26	ARROW	ARROW	977	ARROW	pil	2	pil	5	c	0	0	0
Epps-2021-844-27	27	ARSON	ARSON	1889	ARSON	mordbrann	53	mordbrand	15	c	0	x	0
Epps-2021-844-28	28	ASH	ASH	646	ASH	oske	12	aska	2	c	0	1	0
Epps-2021-844-29	29	ATTACK	ATTACK 1 // ATTACK 2	722	ATTACK	anfall	1	anfall	31	l	0	1	0
Epps-2021-844-30	30	AUCTION	AUCTION			auksjon		auktion		l	0	0	1
Epps-2021-844-31	31	AUTUMN/FALL	AUTUMN/FALL	1280	FALL	haust	309	höst	196	c	0	1	1
Epps-2021-844-32	32	AWL	AWL	278	AWL	syl	0	syl	0	c	0	0	0
Epps-2021-844-33	33	AXE/AX	AXE/AX	677	AXE	øks	6	yxa	5	c	0	0	0
Epps-2021-844-34	34	AXLE	AXLE	1769	AXLE	aksel	0	axel	22	c	0	0	0
Epps-2021-844-35	35	BACK	BACK	1291	BACK	rygg	102	rygg	45	c	0	0	0
Epps-2021-844-36	36	BACK OF HAND	BACK OF HAND					handbak	0	c	0	0	0
Epps-2021-844-37	37	BAD LUCK	BAD LUCK 1 // BAD LUCK 2	56	BAD LUCK	uheppe	0			c	0	x	1
Epps-2021-844-38	38	BAG	BAG 1 // BAG 2	2468	BAG	pose	10	påse	8	c	0	0	0
Epps-2021-844-39	39	BAIT	BAIT	2013	BAIT	beite	27	bete	5	c	0	0	0
Epps-2021-844-40	40	BAKERY	BAKERY			bakeri		bageri		l	0	0	0
Epps-2021-844-41	41	BALL	BALL 1 // BALL 2	1845	BALL	ball	44	boll	8	c	0	0	0
Epps-2021-844-42	42	BANANA	BANANA	868	BANANA	banan	4	banan	11	l	0	1	0
Epps-2021-844-43	43	BANK	BANK	1284	BANK	bank	90	bank	58	l	0	0	0
Epps-2021-844-44	44	BARK	BARK	1204	BARK	bork	2	bark	4	c	0	1	0
Epps-2021-844-45	45	BARLEY	BARLEY	932	BARLEY	korn	31	korn	21	c	0	1	0
Epps-2021-844-46	46	BASKET	BASKET 1 // BASKET 2 // BASKET 3	1539	BASKET	skrukke	3	skruck	0	c	0	0	0
Epps-2021-844-47	47	BAT	BAT 1 // BAT 2	1793	BAT	flaggermus	1	fladdermus	1	c	1	1	0
Epps-2021-844-48	48	BATTERY	BATTERY	662	BATTERY	batteri	3	batteri	7	l	0	0	0
Epps-2021-844-49	49	BAY	BAY 1 // BAY 2	663	BAY	vik	10	vik	16	c	0	0	0
Epps-2021-844-50	50	BEAD	BEAD	1860	BEAD	perle	6	pärla	10	l	0	0	0
Epps-2021-844-51	51	BEAK	BEAK	73	BEAK	nebb	2	näbb	3	l	0	0	0
Epps-2021-844-52	52	BEAM	BEAM 1 // BEAM 2	1132	BEAM	bom	18	bom	4	l	0	0	0
Epps-2021-844-53	53	BEAN	BEAN	832	BEAN	bønne	0	böna	10	c	0	0	0
Epps-2021-844-54	54	BEAR	BEAR	1820	BEAR	bjørn	6	björn	7	c	1	0	0
Epps-2021-844-55	55	BEARD	BEARD	678	BEARD	skjegg	12	skägg	16	c	0	0	0
Epps-2021-844-56	56	BEAUTY	BEAUTY			skjønnheit		skönhet		l	0	1	1
Epps-2021-844-57	57	BEAVER	BEAVER 1 // BEAVER 2	1194	BEAVER	bjor	0	bjur	0	l	1	0	0
Epps-2021-844-58	58	BED	BED	1663	BED	seng	98	säng	48	c	0	0	0
Epps-2021-844-59	59	BEE	BEE 1 // BEE 2	665	BEE	bie	0	bi	7	c	1	1	0
Epps-2021-844-60	60	BEECH	BEECH	1950	BEECH	bok	0	bok	5	c	0	1	0
Epps-2021-844-61	61	BEEHIVE	BEEHIVE 1 // BEEHIVE 2	88	BEEHIVE	kupe	0	bikupa	2	l	0	0	0
Epps-2021-844-62	62	BEER	BEER 1 // BEER 2	1639	BEER	øl	56	öl	54	c	0	1	0
Epps-2021-844-63	63	BEESWAX	BEESWAX	1931	BEESWAX	voks	0	bivax	6	c	0	1	0
Epps-2021-844-64	64	BEETLE	BEETLE	2242	BEETLE	tordivel	3	tordyvel	0	l	1	0	0
Epps-2021-844-65	65	BEGGAR	BEGGAR	1934	BEGGAR	tiggar	0	tiggare	1	c	1	0	0
Epps-2021-844-66	66	BEGINNING	BEGINNING	1557	BEGINNING	byrjing	49	början	347	c	0	0	1
Epps-2021-844-67	67	BELLY	BELLY 1 // BELLY 2	1251	BELLY	mage	36	mage	12	c	0	0	0
Epps-2021-844-68	68	BELT	BELT	772	BELT	belte	3	bälte	9	l	0	0	0
Epps-2021-844-69	69	BICYCLE	BICYCLE	747	BICYCLE	sykkel	92	cykel	18	l	0	0	0
Epps-2021-844-70	70	BILL	BILL	1081	BILL	rekning	32	räkning	36	l	0	0	0
Epps-2021-844-71	71	BIRCH	BIRCH	1855	BIRCH	bjørk	10	björk	6	c	0	1	0
Epps-2021-844-72	72	BIRCH BARK	BIRCH BARK			never	2	näver	0	c	0	1	0
Epps-2021-844-73	73	BIRD	BIRD	937	BIRD	fugl	34	fågel	75	c	1	1	0
Epps-2021-844-74	74	BIRTH CERTIFICATE	BIRTH CERTIFICATE 1 // BIRTH CERTIFICATE 2					personbevis,födelsebevis n	68	l	0	0	0
Epps-2021-844-75	75	BLACKSMITH	BLACKSMITH	1001	BLACKSMITH	smed	7	smed	3	c	1	0	0
Epps-2021-844-76	76	BLAME	BLAME	381	BLAME	skuld, skyld	114	skuld	183	c	0	x	1
Epps-2021-844-77	77	BLANKET/FELT	BLANKET/FELT	806	BLANKET	filt	0	filt	6	l	0	0	0
Epps-2021-844-78	78	BLISTER	BLISTER 1 // BLISTER 2 // BLISTER 3	1584	BLISTER	blåse	3	blåsa	0	c	0	0	0
Epps-2021-844-79	79	BLOOD	BLOOD	946	BLOOD	blod	48	blod	35	c	0	0	0
Epps-2021-844-80	80	BOAR	BOAR	1348	BOAR (MALE PIG)	galt, galte	0	galt	1	c	1	0	0
Epps-2021-844-81	81	BOARD	BOARD	1227	BOARD	brett	8	bräde	1	l	0	0	0
Epps-2021-844-82	82	BOAT	BOAT	1844	BOAT	båt	248	båt	101	l	0	0	0
Epps-2021-844-83	83	BODY	BODY	1480	BODY	kropp	101	kropp	70	c	0	0	0
Epps-2021-844-84	84	BOIL	BOIL	2493	BOIL	byll, bolde	2	böld	3	c	0	0	0
Epps-2021-844-85	85	BOMB	BOMB	1804	BOMB	bombe	17	bomb	25	l	0	0	0
Epps-2021-844-86	86	BONE	BONE	1394	BONE	bein	70	ben	44	c	0	0	0
Epps-2021-844-87	87	BOOK	BOOK	963	BOOK	bok	674	bok	876	c	0	0	0
Epps-2021-844-88	88	BOOMERANG	BOOMERANG	135	BOOMERANG	bumerang	0	bumerang	3	l	0	0	0
Epps-2021-844-89	89	BOOT	BOOT	585	BOOT	støvel	5	stövel	11	l	0	0	0
Epps-2021-844-90	90	BOOTY	BOOTY	1022	BOOTY	bytte	4	byte	11	l	0	1	0
Epps-2021-844-91	91	BOTTLE	BOTTLE 1 // BOTTLE 2	1321	BOTTLE	flaske	30	flaska	40	c	0	0	0
Epps-2021-844-92	92	BOTTOM	BOTTOM	690	BOTTOM	botn	55	botten	50	c	0	0	0
Epps-2021-844-93	93	BOUNDARY	BOUNDARY 1 // BOUNDARY 2	1010	BOUNDARY	rå	250	rå	0	c	0	0	0
Epps-2021-844-94	94	BOW	BOW	994	BOW	boge	11	båge	7	c	0	0	0
Epps-2021-844-95	95	BOWL	BOWL 1 // BOWL 2 // BOWL 3 // BOWL 4	1530	BOWL	skål	10	skål	17	c	0	0	0
Epps-2021-844-96	96	BOX ON THE EAR	BOX ON THE EAR 1			øyrefik	1	örfil	10	l	0	x	0
Epps-2021-844-97	97	BRACELET	BRACELET	1754	BRACELET	armband	52	armband	1	c	0	0	0
Epps-2021-844-98	98	BRAIN	BRAIN	1583	BRAIN	hjerne	8	hjärna	36	c	0	0	0
Epps-2021-844-99	99	BRANCH	BRANCH 1 // BRANCH 2	1531	BRANCH	grein	33	gren	20	c	0	0	0
Epps-2021-844-100	100	BREAD	BREAD	1368	BREAD	brød	46	bröd	33	c	0	0	0
Epps-2021-844-101	101	BREAKFAST	BREAKFAST	1322	BREAKFAST	frukost	13	frukost	6	l	0	1	0
Epps-2021-844-102	102	BRICK	BRICK	1006	BRICK	tegl	0	tegel	21	l	0	0	0
Epps-2021-844-103	103	BRIDGE	BRIDGE	1011	BRIDGE	bru	87	bro	32	c	0	0	0
Epps-2021-844-104	104	BROOM	BROOM	245	BROOM	lime	1	limme	0	c	0	0	0
Epps-2021-844-105	105	BRUISE	BRUISE	1148	BRUISE	skramme	2	skråma,skramma	1	c	0	0	0
Epps-2021-844-106	106	BRUSH	BRUSH 1 // BRUSH 2	1821	BRUSH	kost	20	kvast&	2	c	0	0	0
Epps-2021-844-107	107	BULL	BULL	1008	BULL	tyr	2	tjur	28	c	1	1	0
Epps-2021-844-108	108	BUNCH	BUNCH 1 // BUNCH 2 // BUNCH 3 // BUNCH 4 // BUNCH 5 // BUNCH 6	1966	BUNCH	kongel	0	kangel	0	c	0	1	0
Epps-2021-844-109	109	BUS	BUS	1070	BUS	buss	125	buss	39	l	0	0	0
Epps-2021-844-110	110	BUTTER	BUTTER	1245	BUTTER	smør	19	smör	18	c	0	1	0
Epps-2021-844-111	111	BUTTERFLY	BUTTERFLY	1791	BUTTERFLY	fivreld	0	fjäril	4	c	1	0	0
Epps-2021-844-112	112	BUTTOCKS	BUTTOCKS	834	BUTTOCKS	rauv	0	röv	0	c	0	0	0
Epps-2021-844-113	113	BUTTOCKS/TAIL	BUTTOCKS/TAIL	1220	TAIL	rumpe	1	rumpa	0	c	0	0	0
Epps-2021-844-114	114	BUTTON	BUTTON	757	BUTTON	knapp	6	knapp	12	c	0	0	0
Epps-2021-844-115	115	CALENDAR	CALENDAR 1 // CALENDAR 2	1967	CALENDAR	almanakk	2	almanacka	0	l	0	0	0
Epps-2021-844-116	116	CALF	CALF	1989	CALF	kalv	31	kalv	4	c	1	0	0
Epps-2021-844-117	117	CALF OF THE LEG	CALF OF THE LEG	498	CALF OF LEG			vad	1	l	0	0	0
Epps-2021-844-118	118	CAMP	CAMP 1 // CAMP 2	1105	CAMP	bose	0	bås	1	c	0	1	0
Epps-2021-844-119	119	CANDY/SWEETS	CANDY/SWEETS	874	CANDY	godteri@	0	godis	1		0	0	0
Epps-2021-844-120	120	CANOE	CANOE	1970	CANOE	kano	1	kanot	0	l	0	0	0
Epps-2021-844-121	121	CAPTIVE OR PRISONER	CAPTIVE OR PRISONER	1072	PRISONER	fange	34	fånge	34	l	1	0	0
Epps-2021-844-122	122	CAR	CAR	1111	CAR	bil	356	bil	312	l	0	0	0
Epps-2021-844-123	123	CARCASS	CARCASS 1 // CARCASS 2 // CARCASS 3	1770	CARCASS	åtsel	0				0	0	0
Epps-2021-844-124	124	CARPENTER	CARPENTER	1042	CARPENTER	snikkar	9	snickare	2	l	1	0	0
Epps-2021-844-125	125	CART OR WAGON	CART OR WAGON 1 // CART OR WAGON 2	122	CART	vogn	29	vagn	41	c	0	0	0
Epps-2021-844-126	126	CAT	CAT	1208	CAT	katt, katte	32	katt	34	c	1	0	0
Epps-2021-844-127	127	CATTLE	CATTLE	1153	CATTLE	krek	1	krak&	0	l	1	1	0
Epps-2021-844-128	128	CATTLE FARMER	CATTLE FARMER					uppfödare		c	1	9	0
Epps-2021-844-129	129	CAUSE	CAUSE 1 // CAUSE 2 // CAUSE 3	860	CAUSE			anledning,orsak	242	l	0	0	1
Epps-2021-844-130	130	CAVE	CAVE 1 // CAVE 2	1155	CAVE	grotte	0	grotta	11	l	0	0	0
Epps-2021-844-131	131	CELERY	CELERY	3727	CELERY	selleri		selleri		l	0	0	0
Epps-2021-844-132	132	CENTIPEDE	CENTIPEDE	1974	CENTIPEDE			tusenfoting	0	l	1	0	0
Epps-2021-844-133	133	CHAIN	CHAIN	1627	CHAIN	kjede	2	kedja	15	l	0	0	0
Epps-2021-844-134	134	CHAIR	CHAIR	1476	CHAIR	stol	70	stol	41	c	0	0	0
Epps-2021-844-135	135	CHARCOAL	CHARCOAL	1188	CHARCOAL	kol	0	träkol, kol	1	c	0	1	0
Epps-2021-844-136	136	CHEEK	CHEEK	1730	CHEEK	kinn	25	kind	5	c	0	0	0
Epps-2021-844-137	137	CHEESE	CHEESE	1569	CHEESE	ost	11	ost	8	c	0	1	0
Epps-2021-844-138	138	CHEST	CHEST	1592	CHEST	bryst	36	bröst	20	c	0	0	0
Epps-2021-844-139	139	CHICKEN	CHICKEN	1318	CHICKEN	kjukling	0	kyckling	3	c	1	1	0
Epps-2021-844-140	140	CHILD	CHILD	2099	CHILD	barn	513	barn	518	c	1	0	0
Epps-2021-844-141	141	CHILDHOOD	CHILDHOOD			barndom		barndom		c	0	1	1
Epps-2021-844-142	142	CHIMNEY	CHIMNEY 1 // CHIMNEY 2	1305	CHIMNEY	skorstein	2	skorsten	4	l	0	0	0
Epps-2021-844-143	143	CHIN	CHIN	1510	CHIN	hake	14	haka	2	c	0	0	0
Epps-2021-844-144	144	CHISEL	CHISEL	1979	CHISEL	meisel	0	mejsel	1	l	0	0	0
Epps-2021-844-145	145	CHURCH	CHURCH	1349	CHURCH	kyrkje	309	kyrka	307	l	0	0	0
Epps-2021-844-146	146	CHURN-STAFF	CHURN-STAFF			tverel	0	törel	0	c	0	1	0
Epps-2021-844-147	147	CIGARETTE	CIGARETTE	969	CIGARETTE	sigarett	8	cigarett	19	l	0	0	0
Epps-2021-844-148	148	CIRCLE	CIRCLE 1 // CIRCLE 2	1467	CIRCLE	sirkel	9	cirkel	41	l	0	0	0
Epps-2021-844-149	149	CITIZEN	CITIZEN 1 // CITIZEN 2	1032	CITIZEN	statsborgar	6	medborgare	62	l	1	0	0
Epps-2021-844-150	150	CLAW	CLAW	72	CLAW	klo	2	klo	3	c	0	0	0
Epps-2021-844-151	151	CLAY/MUD	CLAY/MUD	640	MUD	leire	38	lera	7	c	0	1	0
Epps-2021-844-152	152	CLIFF	CLIFF 1 // CLIFF 2	992	CLIFF	klippe	0	klippa	15	l	0	1	0
Epps-2021-844-153	153	CLOAK	CLOAK	326	CLOAK	mantel	0	mantel	7	l	0	0	0
Epps-2021-844-154	154	CLOCK	CLOCK	1323	CLOCK	klokke	123	klocka	64	l	0	0	0
Epps-2021-844-155	155	CLOTH	CLOTH	1616	CLOTH	tøy	4	tyg	34	l	0	0	0
Epps-2021-844-156	156	CLOTHING OR CLOTHES	CLOTHING OR CLOTHES	1895	CLOTHES	klede	90	kläde&	0	l	0	0	0
Epps-2021-844-157	157	CLOUD	CLOUD	1489	CLOUD	mol	0	moln	13	c	0	1	0
Epps-2021-844-158	158	CLUB	CLUB	1763	CLUB	klubbe	3	klubba	5	c	0	0	0
Epps-2021-844-159	159	COAT	COAT 1 // COAT 2	603	COAT	kappe	10	kappa	43	l	0	0	0
Epps-2021-844-160	160	COCKROACH	COCKROACH	1575	COCKROACH	kakerlakk	0	kackerlacka	0	l	1	1	0
Epps-2021-844-161	161	COD	COD					torsk	7	c	1	1	0
Epps-2021-844-162	162	COFFEE	COFFEE	1299	COFFEE	kaffi	108	kaffe	47	l	0	1	0
Epps-2021-844-163	163	COIN	COIN 1 // COIN 2 // COIN 3	1867	COIN	skilling	14	skilling	0	l	0	1	0
Epps-2021-844-164	164	COLD	COLD 1 // COLD 2	1287	COLD	krim	1			c	0	1	0
Epps-2021-844-165	165	COLLAR	COLLAR	2012	COLLAR	krage	4	krage	12	l	0	0	0
Epps-2021-844-166	166	COMB	COMB	1475	COMB	kam	0	kam	7	c	0	0	0
Epps-2021-844-167	167	COMBINE	COMBINE										x
Epps-2021-844-168	168	HARVESTER	HARVESTER			skurtreskar	3	skördetröska f	1	c	0	0	0
Epps-2021-844-169	169	COMPANY	COMPANY			selskap		sällskap		l	0	1	1
Epps-2021-844-170	170	COMPUTER	COMPUTER	3086	COMPUTER	datamaskin				l	0	0	0
Epps-2021-844-171	171	CONE	CONE 1 // CONE 2	287	CONE	kjegle	1	kägla	3	l	0	0	0
Epps-2021-844-172	172	COPPER	COPPER	1825	COPPER	kopar	4	koppar	16	l	0	0	0
Epps-2021-844-173	173	CORMORANT	CORMORANT	840	CORMORANT	skarv	2	skarv	3	c	1	0	0
Epps-2021-844-174	174	CORNER	CORNER 1 // CORNER 2	192	CORNER	hjørne, hyrne	27	hörn	55	c	0	0	0
Epps-2021-844-175	175	CORPSE	CORPSE	767	CORPSE	lik	8	lik	10	c	0	0	0
Epps-2021-844-176	176	COTTON	COTTON	1850	COTTON	bomull	6	bomull	5	l	0	1	0
Epps-2021-844-177	177	COUNTENANCE	COUNTENANCE			andlet		anlete	2	c	0	0	0
Epps-2021-844-178	178	COUNTRY	COUNTRY	1300	COUNTRY	landskap		landskap		c	0	0	1
Epps-2021-844-179	179	COURT	COURT 1 // COURT 2 // COURT 3	1068	COURT	domstol	7	domstol	65	c	0	0	0
Epps-2021-844-180	180	COUSIN	COUSIN 1	1643	COUSIN			kusin	11	l	1	0	0
Epps-2021-844-181	181	COW	COW	1007	COW	ku	60	ko	15	c	1	1	0
Epps-2021-844-182	182	CRIME	CRIME 1 // CRIME 2	1066	CRIME	brot, brott	34	brott	47	c	0	0	1
Epps-2021-844-183	183	CROCODILE	CROCODILE	1857	CROCODILE	krokodille	1	krokodil	1	l	1	0	0
Epps-2021-844-184	184	CROSS	CROSS 1 // CROSS 2	574	TRANSIT	kors	0	kors	23	l	0	0	0
Epps-2021-844-185	185	CROW	CROW	913	CROW	kråke	11	kråka	5	c	1	1	0
Epps-2021-844-186	186	CROWD	CROWD	2023	CROWD	folkehop	40	folkhop	6	l	0	1	0
Epps-2021-844-187	187	CUP	CUP	476	CUP	bekar	0	bägare	4	l	0	0	0
Epps-2021-844-188	188	CUSTOM	CUSTOM 1 // CUSTOM 2	1747	CUSTOM	sed	3	sed	16	c	0	1	0
Epps-2021-844-189	189	DAIRY	DAIRY			meieri		mejeri		l	0	0	0
Epps-2021-844-190	190	DANDRUFF	DANDRUFF 1 // DANDRUFF 2	576	DANDRUFF	flas, flass	0	flas	0	c	0	1	0
Epps-2021-844-191	191	DANGER	DANGER 1 // DANGER 2 // DANGER 3	1810	DANGER			farlighet	5	l	0	x	1
Epps-2021-844-192	192	DARKNESS	DARKNESS	11	DARKNESS	mørke,mørker	43	mörker	37	c	0	1	0
Epps-2021-844-193	193	DAWN	DAWN 1 // DAWN 2 // DAWN 3	729	DAWN	lysing,lysning	12	lysning	1	c	0	0	1
Epps-2021-844-194	194	DAY	DAY	1225	DAY (NOT NIGHT)	dag	2179	dag	1454	c	0	0	1
Epps-2021-844-195	195	DEBRIS	DEBRIS 1 // DEBRIS 2 // DEBRIS 3 // DEBRIS 4			rat	0	rat	0	c	0	0	0
Epps-2021-844-196	196	DEBT	DEBT	1914	DEBT	skuld	114	skuld	62	c	0	0	1
Epps-2021-844-197	197	DECEIT	DECEIT 1 // DECEIT 2 // DECEIT 3	13	DECEIT	svik	8	svek	4	c	0	x	1
Epps-2021-844-198	198	DEER	DEER 1 // DEER 2	1936	DEER	rådyr	2	rådjur	8	c	1	0	0
Epps-2021-844-199	199	DEFEAT	DEFEAT 1 // DEFEAT 2	782	DEFEAT	nederlag	17	nederlag	30	l	0	1	1
Epps-2021-844-200	200	DEFENDANT	DEFENDANT	1034	DEFENDANT			svarande	1	c	1	0	0
Epps-2021-844-201	201	DEMON	DEMON 1 // DEMON 2 // DEMON 3	1973	DEMON	demon	3	demon	3	l	1	0	1
Epps-2021-844-202	202	DESCENDANTS	DESCENDANTS	490	DESCENDANTS	ætling	0	ättlingar	6	c	1	0	0
Epps-2021-844-203	203	DEW	DEW	1977	DEW	dogg	3	dagg	1	c	0	1	0
Epps-2021-844-204	204	DEVIL (SMALL)	DEVIL (SMALL)	3917	DEVIL	puke	0	puke	0	c	0	1	1
Epps-2021-844-205	205	DIFFERENCE	DIFFERENCE			skilnad	100	skillnad	148	c	0	x	1
Epps-2021-844-206	206	DINNER/MIDDAY	DINNER/MIDDAY	12	MIDDAY	middag	39	middag	36	c	0	1	0
Epps-2021-844-207	207	DIRECTION	DIRECTION	3427	DIRECTION	strekk	3	väderstreck	3	c	0	x	1
Epps-2021-844-208	208	DISAGREEMENT	DISAGREEMENT					delo	0	c	0	0	1
Epps-2021-844-209	209	DISCUSSION	DISCUSSION			diskusjon		diskussion		l	0	0	1
Epps-2021-844-210	210	DISEASE	DISEASE 1 // DISEASE 2 // DISEASE 3	1986	DISEASE	sjuke	0	sjuka	2	c	0	1	0
Epps-2021-844-211	211	DISH	DISH	481	DISH	fat	13	fat	8	c	0	0	0
Epps-2021-844-212	212	DISTINCTION	DISTINCTION			utmerking		utmärkelse		c	0	0	1
Epps-2021-844-213	213	DITCH	DITCH	2002	DITCH	dike	3	dike	10	c	0	0	0
Epps-2021-844-214	214	DOG	DOG 1 // DOG 2	2009	DOG	hund	54	hund	95	c	1	0	0
Epps-2021-844-215	215	DONKEY	DONKEY	1862	DONKEY	esel	6	åsna	10	l	1	0	0
Epps-2021-844-216	216	DOOR	DOOR	1567	DOOR	dør	217	dörr	116	c	0	0	0
Epps-2021-844-217	217	DOORPOST/POST	DOORPOST/POST	281	POST	post	81	dörrpost	1	l	0	0	0
Epps-2021-844-218	218	DOUBT	DOUBT 1 // DOUBT 2 // DOUBT 3	1308	DOUBT	tvil	123	tvivel	76	l	0	x	1
Epps-2021-844-219	219	DOUGH	DOUGH	273	DOUGH	deig	0	deg	2	c	0	1	0
Epps-2021-844-220	220	DOVE	DOVE	1853	DOVE	due	0	duva	6	c	1	1	0
Epps-2021-844-221	221	DRINK	DRINK 1 // DRINK 2	731	BEVERAGE	drikk, drykk	3	dryck	15	c	0	1	0
Epps-2021-844-222	222	DRIVER'S LICENSE	DRIVER'S LICENSE	599	DRIVER'S LICENSE	førarkort	12	körkort	12	l	0	0	0
Epps-2021-844-223	223	DRUM	DRUM	908	DRUM	tromme	18	trumma	10	l	0	0	0
Epps-2021-844-224	224	DRUNKENNESS	DRUNKENNESS			fyll		fylleri@		c	0	1	1
Epps-2021-844-225	225	DUCK	DUCK 1 // DUCK 2	1360	DUCK	and	4	and	7	c	1	0	0
Epps-2021-844-226	226	DUST	DUST 1 // DUST 2	2	DUST			damm	7	l	0	1	0
Epps-2021-844-227	227	EAGLE	EAGLE	1905	EAGLE	ørn	1	örn	7	c	1	0	0
Epps-2021-844-228	228	EAR	EAR	1247	EAR	øyre, øyra	64	öra	48	c	0	0	0
Epps-2021-844-229	229	EARLOBE	EARLOBE	18	EARLOBE	øyresnipp	0	öronsnibb,örsnibb	1	l	0	0	0
Epps-2021-844-230	230	EARRING/HANGER	EARRING/HANGER	770	EARRING	henge	0	örhänge	1	c	0	0	0
Epps-2021-844-231	231	EARRING/PLUG	EARRING/PLUG			øyredobb	0	dubb&	2	c	0	0	0
Epps-2021-844-232	232	EARTHQUAKE	EARTHQUAKE 1 // EARTHQUAKE 2	6	EARTHQUAKE			jordbävning	3	c	0	1	0
Epps-2021-844-233	233	EARWAX	EARWAX	32	EARWAX	øyrevoks	0	öronvax	6	c	0	1	0
Epps-2021-844-234	234	EDGE	EDGE	863	EDGE	kant	92	kant	27	l	0	0	0
Epps-2021-844-235	235	EEL	EEL	1013	FRESHWATER EEL	ål	13	ål	1	c	1	0	0
Epps-2021-844-236	236	EGG	EGG	744	EGG	egg	2	ägg	31	c	0	0	0
Epps-2021-844-237	237	ELBOW	ELBOW	981	ELBOW	olboge	4	armbåge	1	c	0	0	0
Epps-2021-844-238	238	ELECTION	ELECTION	240	ELECTION	val	177	val	179	c	0	0	1
Epps-2021-844-239	239	ELECTRICITY	ELECTRICITY 1 // ELECTRICITY 2	59	ELECTRICITY	straum	55	ström	54	c	0	1	0
Epps-2021-844-240	240	ELK/MOOSE	ELK/MOOSE 1 // ELK/MOOSE 2	1772	ELK	elg	43	älg	12	c	1	0	0
Epps-2021-844-241	241	EMAIL	EMAIL					mejl		l	0	0	0
Epps-2021-844-242	242	EMAIL/POST	EMAIL/POST			e-post		post&		l	0	0	0
Epps-2021-844-243	243	EMBERS	EMBERS	67	EMBERS	glo	3	glöd	6	c	0	1	0
Epps-2021-844-244	244	END	END	742	END (OF SPACE)	slutt	379	slut	344	l	0	0	0
Epps-2021-844-245	245	ENEMY	ENEMY	1358	ENEMY	uven, uvenn	6	ovän	7	c	1	0	0
Epps-2021-844-246	246	ENVY	ENVY	40	ENVY	avundsjuke	0	avundsjuka	9	c	0	x	1
Epps-2021-844-247	247	EVENING	EVENING	1629	EVENING	kveld	422	kväll	176	c	0	0	1
Epps-2021-844-248	248	EXCOMMUNICATION	EXCOMMUNICATION			bann		bann		l	0	0	1
Epps-2021-844-249	249	EXPERIENCE	EXPERIENCE			oppleving		upplevelse		c	0	0	1
Epps-2021-844-250	250	EYE	EYE	1248	EYE	auga, auge	304	öga	207	c	0	0	0
Epps-2021-844-251	251	EYEBROW	EYEBROW	1173	EYEBROW	augebryn,augnebryn,	5	ögonbryn	8	c	0	0	0
Epps-2021-844-252	252	EYELASH	EYELASH	1540	EYELASH			ögonfrans	1	l	0	0	0
Epps-2021-844-253	253	EYELID	EYELID	17	EYELID	augelok,augelokk,	3	ögonlock	2	c	0	0	0
Epps-2021-844-254	254	FACE	FACE	1560	FACE	ansikt	53	ansikte	90	l	0	0	0
Epps-2021-844-255	255	FAIRY OR ELF	FAIRY OR ELF 1 // FAIRY OR ELF 2 // FAIRY OR ELF 3	1138	FAIRY			rå	0	c	1	0	1
Epps-2021-844-256	256	FAMILY	FAMILY	194	FAMILY	familie	113	familj	241	l	0	1	0
Epps-2021-844-257	257	FAMINE	FAMINE	199	FAMINE	svolt	11	svält	13	c	0	0	1
Epps-2021-844-258	258	FAN	FAN 1 // FAN 2	1971	FAN (OBJECT)			fläkt	10	c	0	0	0
Epps-2021-844-259	259	FARMER	FARMER	979	FARMER	bonde	232	bonde	54	c	1	0	0
Epps-2021-844-260	260	FATHOM	FATHOM	81	FATHOM	famn	1	famn	9	c	0	0	0
Epps-2021-844-261	261	FAULT	FAULT	134	FAULT	feil	139	fel	88	l	0	x	1
Epps-2021-844-262	262	FEAR	FEAR 1 // FEAR 2	781	FEAR (FRIGHT)	redsle; redsel	31	rädsla,rädslan	24	c	0	x	1
Epps-2021-844-263	263	FEATHER	FEATHER	1201	FEATHER	fjør	13	fjäder	13	c	0	1	1
Epps-2021-844-264	264	FELT	FELT	325	FELT	vadmål	3	vadmal	2	c	0	0	0
Epps-2021-844-265	265	FENCE	FENCE 1 // FENCE 2 // FENCE 3	1690	FENCE	plank, planke	8	plank	3	l	0	0	0
Epps-2021-844-266	266	FEVER	FEVER	1534	FEVER	feber	7	feber	6	l	0	0	0
Epps-2021-844-267	267	FIELD	FIELD 1 // FIELD 2	212	FIELD	legde, legd	3	lägd	0	c	0	0	0
Epps-2021-844-268	268	FIG	FIG	322	FIG	fiken	0	fikon	2	l	0	1	0
Epps-2021-844-269	269	FILM/MOVIE	FILM/MOVIE	216	MOVIE	film	175		381	l	0	0	0
Epps-2021-844-270	270	FIN	FIN	213	FIN	finne	2	fena	0	c	0	0	0
Epps-2021-844-271	271	FINE	FINE	218	FINE (PENALTY)	bot	25	bot	26	c	0	0	1
Epps-2021-844-272	272	FINGER	FINGER	1303	FINGER	finger	54	finger	31	c	0	0	0
Epps-2021-844-273	273	FINGERNAIL	FINGERNAIL	1258	FINGERNAIL	nagl	0	nagel	2	c	0	1	0
Epps-2021-844-274	274	FIR	FIR	1915	FIR	gran	10	gran	16	c	0	0	0
Epps-2021-844-275	275	FIRE	FIRE 1 // FIRE 2	221	FIRE	eld	38	eld	55	c	0	1	0
Epps-2021-844-276	276	FIREPLACE	FIREPLACE 1 // FIREPLACE 2	185	FIREPLACE	grue	5	gruva		l	0	0	0
Epps-2021-844-277	277	FISH	FISH	227	FISH	fisk	118	fisk	74	c	1	1	0
Epps-2021-844-278	278	FISHERMAN	FISHERMAN	1858	FISHERMAN	fiskar	32	fiskare	34	c	1	0	0
Epps-2021-844-279	279	FISHING LINE	FISHING LINE 1 // FISHING LINE 2	19	FISHING LINE			utterbräde	1	l	0	0	0
Epps-2021-844-280	280	FISHNET	FISHNET	388	FISHNET			lagn	0	c	0	1	0
Epps-2021-844-281	281	FISHNET/NET	FISHNET/NET	388	FISHNET	fiskenett	11	fisknät	23	c	0	1	0
Epps-2021-844-282	282	FLAME	FLAME	889	FLAME	loge	4	låga	11	c	0	1	0
Epps-2021-844-283	283	FLEA	FLEA	232	FLEA	loppe	0	loppa	4	c	1	1	0
Epps-2021-844-284	284	FLESH/MEAT	FLESH/MEAT	2615	FLESH OR MEAT	kjøt	34	kött	20	c	0	0	0
Epps-2021-844-285	285	FLOOR	FLOOR	1632	FLOOR	golv	67	golv	35	c	0	0	0
Epps-2021-844-286	286	FLOUR	FLOUR	1594	FLOUR	mjøl	9	mjöl	5	c	0	1	0
Epps-2021-844-287	287	FLOWER	FLOWER	239	FLOWER	blom, blome	30	blomma	96	c	0	0	0
Epps-2021-844-288	288	FLUTE	FLUTE	777	FLUTE	fløyte	6	flöjt	0	l	0	0	0
Epps-2021-844-289	289	FLY	FLY	1504	FLY (INSECT)	fluge	12	fluga	10	c	1	1	0
Epps-2021-844-290	290	FOAL	FOAL	1647	FOAL	fole	0	föl	7	c	1	0	0
Epps-2021-844-291	291	FOAM	FOAM 1 // FOAM 2	1768	FOAM	skum	3	skum	2	c	0	1	0
Epps-2021-844-292	292	FOG	FOG 1 // FOG 2	249	FOG	skodd,skodde	13	skadda	0	c	0	1	0
Epps-2021-844-293	293	FOOD	FOOD	256	FOOD	mat	164	mat	93	c	0	1	0
Epps-2021-844-294	294	FOOT	FOOT	1301	FOOT	fot	125	fot	61	c	0	0	0
Epps-2021-844-295	295	FOOTPRINT	FOOTPRINT	318	FOOTPRINT	fotefar	1			c	0	0	0
Epps-2021-844-296	296	FOREHEAD	FOREHEAD	123	FOREHEAD	panne	24	panna	15	c	0	0	0
Epps-2021-844-297	297	FORK	FORK	1302	FORK	gaffel	7	gaffel	2	l	0	0	0
Epps-2021-844-298	298	FORTRESS	FORTRESS 1 // FORTRESS 2	1938	FORTRESS	borg	5	borg	11	c	0	1	0
Epps-2021-844-299	299	FOX	FOX	1312	FOX	rev	10	räv	9	c	1	0	0
Epps-2021-844-300	300	FREEDOM	FREEDOM			fridom		frihet		l	0	1	1
Epps-2021-844-301	301	FRIDAY	FRIDAY	1692	FRIDAY	fredag	153	fredag	95	l	0	0	1
Epps-2021-844-302	302	FRIEND	FRIEND 1 // FRIEND 2	1325	FRIEND	ven, venn	123	vän	209	c	1	0	0
Epps-2021-844-303	303	FROG	FROG 1 // FROG 2	503	FROG	frosk	2			c	1	0	0
Epps-2021-844-304	304	FRUIT	FRUIT	1507	FRUIT	frukt	25	frukt	44	l	0	0	0
Epps-2021-844-305	305	FUR	FUR	580	FUR	pels	1	päls	11	l	0	0	0
Epps-2021-844-306	306	FURROW	FURROW	1794	FURROW	for	0	fåra	6	c	0	0	0
Epps-2021-844-307	307	GAME	GAME	2467	GAME	spel		spel		l	0	0	1
Epps-2021-844-308	308	GARDEN	GARDEN	586	GARDEN			trädgård	50	c	0	0	0
Epps-2021-844-309	309	GARDEN-HOUSE	GARDEN-HOUSE	403	GARDEN-HOUSE	veksthus	6	växthus	6	c	0	0	0
Epps-2021-844-310	310	GATE	GATE	2940	GATE	grind	12	grind	3	c	0	0	0
Epps-2021-844-311	311	GHOST	GHOST 1 // GHOST 2 // GHOST 3 // GHOST 4	1175	GHOST			oknytt	0	c	1	0	1
Epps-2021-844-312	312	GILL	GILL	1916	GILL	gjelle	0	gäl	1	c	0	0	0
Epps-2021-844-313	313	GLASS	GLASS	604	GLASS	glas	67	glas	51	l	0	1	0
Epps-2021-844-314	314	GLOVE	GLOVE	867	GLOVE	hanske	6	handske	8	l	0	0	0
Epps-2021-844-315	315	GLUE	GLUE	1069	GLUE	lim	1	lim	3	c	0	1	0
Epps-2021-844-316	316	GOAT	GOAT	1502	GOAT	geit	13	get	11	c	1	0	0
Epps-2021-844-317	317	GOD	GOD	1944	GOD	gud	19	gud	111	c	1	0	1
Epps-2021-844-318	318	GOITER	GOITER	1957	GOITER	struma	0	struma	0	l	0	0	0
Epps-2021-844-319	319	GOLD	GOLD	1369	GOLD	gull	28	guld	45	c	0	1	0
Epps-2021-844-320	320	GOOD LUCK	GOOD LUCK 1 // GOOD LUCK 2	720	GOOD LUCK	tur	235	tur	137	l	0	x	1
Epps-2021-844-321	321	GOOSE	GOOSE	1187	GOOSE	gås	0	gås	9	c	1	1	0
Epps-2021-844-322	322	GOVERNMENT	GOVERNMENT	815	GOVERNMENT	regjering	164	regering	387	l	0	0	0
Epps-2021-844-323	323	GRAIN	GRAIN 1 // GRAIN 2 // GRAIN 3 // GRAIN 4 // GRAIN 5 // GRAIN 6 // GRAIN 7	605	GRAIN	såd	0	säd	2	c	0	1	0
Epps-2021-844-324	324	GRANDCHILD	GRANDCHILD	1617	GRANDCHILD	barnebarn	7	barnbarn	11	c	1	0	0
Epps-2021-844-325	325	GRANDPARENTS	GRANDPARENTS	305	GRANDPARENTS	besteforelder	0	mor- eller,farföräldrar		c	1	1	0
Epps-2021-844-326	326	GRAPE	GRAPE	920	GRAPE	drue	0	druva	3	l	0	0	0
Epps-2021-844-327	327	GRASS	GRASS 1 // GRASS 2	606	GRASS	torv	6	tov	0	c	0	1	0
Epps-2021-844-328	328	GRASSHOPPER	GRASSHOPPER	607	GRASSHOPPER	grashoppe	1	gräshoppa	4	c	1	1	0
Epps-2021-844-329	329	GRAVE	GRAVE	1773	GRAVE	grav	34	grav	29	c	0	0	0
Epps-2021-844-330	330	GREASE OR FAT	GREASE OR FAT	323	FAT (ORGANIC SUBSTANCE)	feitt	7	fett	9	l	0	1	0
Epps-2021-844-331	331	GRIEF	GRIEF 1 // GRIEF 2	1668	GRIEF	sorg	30	sorg	21	c	0	x	1
Epps-2021-844-332	332	GRIP	GRIP			handfang		fång	3	l	0	0	0
Epps-2021-844-333	333	GUARD	GUARD	1940	GUARD	vakt	35	vakt	30	l	1	0	0
Epps-2021-844-334	334	GUEST	GUEST	1782	GUEST	gjest	89	gäst	118	c	1	0	0
Epps-2021-844-335	335	GUMS	GUMS 1 // GUMS 2	139	GUMS	tannhald	0	hull	4	c	0	1	0
Epps-2021-844-336	336	GUN	GUN 1 // GUN 2	1566	GUN	pistol	10	pistol	7	l	0	0	0
Epps-2021-844-337	337	HAIR	HAIR 1 // HAIR 2	1040	HAIR	luv	0	luv	1	c	0	1	0
Epps-2021-844-338	338	HALF	HALF	816	HALF	halve	0	halva	6	c	0	0	1
Epps-2021-844-339	339	HAMMER	HAMMER	1481	HAMMER	hamar,hammar	17	hammare	2	c	0	0	0
Epps-2021-844-340	340	HAMMOCK	HAMMOCK	2019	HAMMOCK	matte	4	hängmatta	3	l	0	0	0
Epps-2021-844-341	341	HAND	HAND	1277	HAND	hand	397	hand	482	c	0	0	0
Epps-2021-844-342	342	HANDKERCHIEF OR RAG	HANDKERCHIEF OR RAG 1 // HANDKERCHIEF OR RAG 2	332	RAG	naseduk	7	näsduk	5	l	0	0	0
Epps-2021-844-343	343	HAPPENING	HAPPENING			hending		händelse		c	0	0	1
Epps-2021-844-344	344	HARE	HARE	1190	HARE	hare	7	hare	4	c	1	0	0
Epps-2021-844-345	345	HARVEST	HARVEST	611	HARVEST	skurd	2	skörd	36	c	0	1	0
Epps-2021-844-346	346	HAT OR CAP	HAT OR CAP 1 // HAT OR CAP 2 // HAT OR CAP 3	771	HAT	lue, luve	4	luva	1	c	0	0	0
Epps-2021-844-347	347	HATCH	HATCH	3116	HATCH (OUT)	luke		lucka	31	c	0	0	0
Epps-2021-844-348	348	HAWK	HAWK	307	HAWK	hauk	6	hök	2	c	1	0	0
Epps-2021-844-349	349	HAY	HAY	342	HAY	høy	16	hö	2	c	0	1	0
Epps-2021-844-350	350	HEAD	HEAD	1256	HEAD	hovud	191	huvud	240	c	0	0	0
Epps-2021-844-351	351	HEADBAND OR HEADDRESS	HEADBAND OR HEADDRESS	3457	HEADBAND OR HEADDRESS	band	52	pannband	0	c	0	0	0
Epps-2021-844-352	352	HEART	HEART	1223	HEART	hjarta, hjarte	74	hjärta	68	c	0	0	0
Epps-2021-844-353	353	HEEL	HEEL	980	HEEL	hæl	18	häl	0	c	0	0	0
Epps-2021-844-354	354	HELL	HELL	878	HELL	helvete	50	helvete	19	l	0	1	1
Epps-2021-844-355	355	HELMET	HELMET	1680	HELMET	hjelm	4	hjälm	8	c	0	0	0
Epps-2021-844-356	356	HERDSMAN	HERDSMAN	263	HERDSMAN	gjetar	6			c	1	0	0
Epps-2021-844-357	357	HERON	HERON	758	HERON	hegre	1	häger	0	c	1	0	0
Epps-2021-844-358	358	HILL	HILL	614	HILL	bakke	80	backe	21	c	0	0	0
Epps-2021-844-359	359	HIP	HIP 1 // HIP 2	1745	HIP	hoft, hofte	5	höft	7	l	0	0	0
Epps-2021-844-360	360	HOE	HOE	284	HOE	hakke	0	hacka	2	l	0	0	0
Epps-2021-844-361	361	HOLE	HOLE	1667	HOLE	hol	60	hål	23	c	0	0	0
Epps-2021-844-362	362	HONEY	HONEY	942	HONEY	honning	0	honung	4	c	0	1	0
Epps-2021-844-363	363	HOOK	HOOK 1 // HOOK 2 // HOOK 3	1071	HOOK	pukkel	0	puckel	10	l	0	0	0
Epps-2021-844-364	364	HORN/TRUMPET	HORN/TRUMPET	775	TRUMPET	horn	18	horn	10	c	0	0	0
Epps-2021-844-365	365	HORSE	HORSE	615	HORSE	hest	137	häst	67	c	1	0	0
Epps-2021-844-366	366	HOSPITAL	HOSPITAL	616	HOSPITAL	sjukehus	99	sjukhus	121	c	0	0	0
Epps-2021-844-367	367	HOST	HOST	1545	HOST	vert	18	värd	111	l	1	0	0
Epps-2021-844-368	368	HOUR	HOUR	1353	HOUR	time	290	timme	269	c	0	0	1
Epps-2021-844-369	369	HOUSE	HOUSE	1252	HOUSE	hus	496	hus	315	c	0	0	0
Epps-2021-844-370	370	HUT	HUT	1678	HUT	stove	100	stuga	40	l	0	0	0
Epps-2021-844-371	371	ICE	ICE 1 // ICE 2	617	ICE	is	68	is	45	c	0	1	0
Epps-2021-844-372	372	IDEA	IDEA 1 // IDEA 2	1609	IDEA	aning	8	aning	42	l	0	0	1
Epps-2021-844-373	373	IDOL	IDOL	1945	IDOL	idol	0	idol	7	l	1	0	0
Epps-2021-844-374	374	IMPRESSION	IMPRESSION			avtrykk	1	avtryck	2		0	0	0
Epps-2021-844-375	375	INJECTION	INJECTION	1805	INJECTION	sprøyte	1	spruta	4	c	0	0	0
Epps-2021-844-376	376	INSECT	INSECT 1 // INSECT 2	620	INSECT	kuse&	0			c	1	1	0
Epps-2021-844-377	377	INTENTION	INTENTION	1162	INTENTION	meining	246	mening	285	l	0	x	1
Epps-2021-844-378	378	INTERNET	INTERNET			internett		internet		l	0	x	0
Epps-2021-844-379	379	INTESTINES OR GUTS	INTESTINES OR GUTS	1334	GUTS	tarm	1	tarm	0	c	0	1	0
Epps-2021-844-380	380	IRON	IRON	621	IRON	jarn, jern	34	järn	23	c	0	1	0
Epps-2021-844-381	381	ISLAND	ISLAND	622	ISLAND	øy	65	ö	131	c	0	0	0
Epps-2021-844-382	382	ITCH	ITCH	148	ITCH	klåe, kløe	1	klåda	0	c	0	1	0
Epps-2021-844-383	383	JAW	JAW 1 // JAW 2	798	JAW	kjake	6	käke	1	c	0	0	0
Epps-2021-844-384	384	JEALOUSY	JEALOUSY	2016	JEALOUSY	svartsjuke	0	svartsjuka	5	c	0	x	1
Epps-2021-844-385	385	JEWEL	JEWEL	1029	JEWEL	juvel	0	juvel	1	l	0	0	0
Epps-2021-844-386	386	JOINT	JOINT	999	JOINT	ledd	0	led	14	c	0	0	0
Epps-2021-844-387	387	JUDGE	JUDGE	861	JUDGE	domar	0	domare	25	c	1	0	0
Epps-2021-844-388	388	JUDGMENT	JUDGMENT	1067	JUDGMENT	dom	33	dom	52	c	0	0	1
Epps-2021-844-389	389	JUG/PITCHER	JUG/PITCHER	270	JUG	kanne	0	kanna	2	c	0	0	0
Epps-2021-844-390	390	KANGAROO	KANGAROO	164	KANGAROO	kenguru	0	känguru	1	l	1	0	0
Epps-2021-844-391	391	KETTLE	KETTLE 1 // KETTLE 2	854	KETTLE	kokar	3	vattenkokare m	0	l	0	0	0
Epps-2021-844-392	392	KEY	KEY	1472	KEY	nykel, nøkkel	20	nyckel	21	c	0	0	0
Epps-2021-844-393	393	KID	KID	1972	KID	killing	1	killing	0	c	1	0	0
Epps-2021-844-394	394	KIDNEY	KIDNEY	489	KIDNEY	nyre	2	njure	21	c	0	0	0
Epps-2021-844-395	395	KING	KING	1508	KING	konge	66	kung	106	c	1	0	0
Epps-2021-844-396	396	KNEE	KNEE	1371	KNEE	kne	41	knä	32	c	0	0	0
Epps-2021-844-397	397	KNIFE	KNIFE 1 // KNIFE 2	1352	KNIFE	kniv	31	kniv	18	c	0	0	0
Epps-2021-844-398	398	KNOT	KNOT	760	KNOT	knut, knute	8	knut	14	c	0	0	0
Epps-2021-844-399	399	KNOWLEDGE	KNOWLEDGE	3874	KNOWLEDGE	kunnskap		kunskap		l	0	1	1
Epps-2021-844-400	400	LADDER	LADDER	1464	LADDER	stige	9	stege	4	c	0	0	0
Epps-2021-844-401	401	LAKE	LAKE	624	LAKE	sjø	118	sjö	89	c	0	0	0
Epps-2021-844-402	402	LAMB	LAMB 1 // LAMB 2	820	LAMB	lam	27	lamm	6	c	1	1	0
Epps-2021-844-403	403	LAMP OR TORCH	LAMP OR TORCH 1 // LAMP OR TORCH 2 // LAMP OR TORCH 3	2131	TORCH OR LAMP	lampe	4	lampa	21	l	0	0	0
Epps-2021-844-404	404	LAND/ COUNTRY	LAND/ COUNTRY	1300	COUNTRY	land	939	land	1060	c	0	1	0
Epps-2021-844-405	405	LANGUAGE	LANGUAGE 1 // LANGUAGE 2	1307	LANGUAGE	mål	377	mål	0	c	0	0	1
Epps-2021-844-406	406	LATCH OR DOOR BOLT	LATCH OR DOOR BOLT 1 // LATCH OR DOOR BOLT 2 // LATCH OR DOOR BOLT 3	1012	LATCH	lås	4	lås	11	c	0	0	0
Epps-2021-844-407	407	LAW	LAW	1062	LAW	lov	214	lag	135	c	0	0	1
Epps-2021-844-408	408	LEAD	LEAD	43	LEAD (GUIDE)	bly	1	bly	1	c	0	1	0
Epps-2021-844-409	409	LEADERSHIP	LEADERSHIP			leiarskap		ledarskap		c	0	1	1
Epps-2021-844-410	410	LEAF	LEAF 1 // LEAF 2	628	LEAF	lauv	9	löv	0	c	0	1	0
Epps-2021-844-411	411	LEARNING	LEARNING			lærdom		lärdom		c	0	1	1
Epps-2021-844-412	412	LEATHER	LEATHER	629	LEATHER	ler	2	läder	3	c	0	0	0
Epps-2021-844-413	413	LEG	LEG	1297	LEG	bein	70	ben	72	c	0	0	0
Epps-2021-844-414	414	LETTER	LETTER	1612	LETTER	brev	173	brev	135	l	0	1	0
Epps-2021-844-415	415	LICENSE PLATE	LICENSE PLATE	1790	LICENSE PLATE	nummerskilt& n	32	nummerskylt	28	l	0	0	0
Epps-2021-844-416	416	LICENSE PLATE/PLATE	LICENSE PLATE/PLATE	480	PLATE	plate	80	nummerplåt	12	l	0	0	0
Epps-2021-844-417	417	LIFE	LIFE	210	LIFE	liv	549	liv	560	c	0	1	1
Epps-2021-844-418	418	LIGHT/CANDLE	LIGHT/CANDLE	1273	CANDLE	lys	150	ljus	124	c	0	1	0
Epps-2021-844-419	419	LIGHTNING	LIGHTNING 1 // LIGHTNING 2	1654	LIGHTNING	eling&	7	eldning	0	c	0	0	0
Epps-2021-844-420	420	LINE	LINE 1 // LINE 2 // LINE 3	1048	LINE	rå	250	rad	313	c	0	0	0
Epps-2021-844-421	421	LINEN	LINEN	916	LINEN	lin	0	linne	5	l	0	0	0
Epps-2021-844-422	422	LIP	LIP	478	LIP	leppe	21	läpp	10	c	0	0	0
Epps-2021-844-423	423	LIVER	LIVER	1224	LIVER	lever	1	lever	11	c	0	0	0
Epps-2021-844-424	424	LIVESTOCK	LIVESTOCK 1 // LIVESTOCK 2	631	LIVESTOCK	kreatur	1	kreatur	3	l	1	0	0
Epps-2021-844-425	425	LIZARD	LIZARD	632	LIZARD	øgle	1	ödla	5	c	1	0	0
Epps-2021-844-426	426	LOCK	LOCK	1596	LOCK			knäppe		c	0	0	0
Epps-2021-844-427	427	LONELINESS	LONELINESS			einsemd@		ensamhet		l	0	1	1
Epps-2021-844-428	428	LOOM	LOOM	1787	LOOM	vevstol	0	vävstol	7	c	0	0	0
Epps-2021-844-429	429	LOTTERY	LOTTERY			lotteri		lotteri		l	0	1	1
Epps-2021-844-430	430	LOUSE	LOUSE	1392	LOUSE	lus	6	lus	8	c	1	1	0
Epps-2021-844-431	431	LUNCH	LUNCH 1 // LUNCH 2	768	LUNCH	undorn	0			c	0	0	0
Epps-2021-844-432	432	LUNG	LUNG	688	LUNG	lunge	5	lunga	6	c	0	0	0
Epps-2021-844-433	433	MACHINE	MACHINE	144	MACHINE	maskin	78	maskin	120	l	0	0	0
Epps-2021-844-434	434	MAGIC	MAGIC 1 // MAGIC 2 // MAGIC 3	392	MAGIC	trolldom	0	trolldom	0	c	0	1	1
Epps-2021-844-435	435	MAIN THING	MAIN THING			hovudsak		huvudsak		c	0	0	0
Epps-2021-844-436	436	MAIZE/CORN	MAIZE/CORN	506	MAIZE	mais	0	majs	2	l	0	1	0
Epps-2021-844-437	437	MANAGEMENT	MANAGEMENT			styre		styrelse		c	0	0	0
Epps-2021-844-438	438	MANNER	MANNER 1 // MANNER 2 // MANNER 3	488	MANNER	måte	645	måtta	4	l	0	x	1
Epps-2021-844-439	439	MARKET	MARKET	633	MARKET	marknad	108	marknad	110	c	0	1	1
Epps-2021-844-440	440	MASON	MASON	877	MASON	murar	2	murare	0	l	0	0	0
Epps-2021-844-441	441	MAST	MAST	184	MAST	mast	5	mast	6	l	0	0	0
Epps-2021-844-442	442	MASTER	MASTER	383	MASTER	meister	48	mästare		l	1	0	0
Epps-2021-844-443	443	MAT/RUG	MAT/RUG	195	MAT	matte	4	matta	23	l	0	0	0
Epps-2021-844-444	444	MATCH	MATCH	1133	MATCH	fyrstikk,fyrstikke	15	tändsticka	6	c	0	0	0
Epps-2021-844-445	445	MATTRESS	MATTRESS 1 // MATTRESS 2	105	MATTRESS	bolster	0	bolster	0	c	0	0	0
Epps-2021-844-446	446	MEAD	MEAD	941	MEAD	mjød	1	mjöd	0	c	0	0	0
Epps-2021-844-447	447	MEAL	MEAL 1 // MEAL 2	1526	MEAL	måltid	10	måltid	17	l	0	0	0
Epps-2021-844-448	448	MEDICINE	MEDICINE	1372	MEDICINE	medisin	26	medicin	33	l	0	1	0
Epps-2021-844-449	449	MERCHANT	MERCHANT	1082	MERCHANT	handlar	0	handlare	2	l	1	0	0
Epps-2021-844-450	450	MIDDLE	MIDDLE	1093	MIDDLE	midt	47	mitten	75	c	0	0	0
Epps-2021-844-451	451	MILK	MILK	635	MILK	mjølk	76	mjölk	19	c	0	1	0
Epps-2021-844-452	452	MILL	MILL	636	MILL	kvern	6	kvarn	7	c	0	0	0
Epps-2021-844-453	453	MIND	MIND	1562	MIND	sinn	18	sinne	55	l	0	0	1
Epps-2021-844-454	454	MINISTER	MINISTER	486	MINISTER	minister	9	minister	49	l	1	0	0
Epps-2021-844-455	455	MIRROR	MIRROR	1171	MIRROR	spegel	14	spegel	18	l	0	0	0
Epps-2021-844-456	456	MISTAKE	MISTAKE 1 // MISTAKE 2	1293	MISTAKE			misslycka	0	l	0	0	1
Epps-2021-844-457	457	MOBILE PHONE	MOBILE PHONE			mobil				l	0	0	0
Epps-2021-844-458	458	MOLAR TOOTH	MOLAR TOOTH	1049	MOLAR TOOTH	jeksel	0	oxel	0	c	0	1	0
Epps-2021-844-459	459	MONDAY	MONDAY	1697	MONDAY	måndag	136	måndag	119	c	0	0	1
Epps-2021-844-460	460	MONEY	MONEY	1559	MONEY	penning	0	pänning	5	c	0	1	0
Epps-2021-844-461	461	MONTH	MONTH	1370	MONTH	månad	276	månad	277	c	0	0	1
Epps-2021-844-462	462	MOON	MOON 1 // MOON 2	1313	MOON	måne	17	måne	20	c	0	0	0
Epps-2021-844-463	463	MORNING	MORNING	1339	MORNING	morgon	203	morgon	110	c	0	0	1
Epps-2021-844-464	464	MORTAR	MORTAR	224	MORTAR	mortar	0	mortel	0	l	0	0	0
Epps-2021-844-465	465	MOSQUE	MOSQUE	1603	MOSQUE	moske	0	moské	0	l	0	0	0
Epps-2021-844-466	466	MOTOR	MOTOR	110	MOTOR	motor	21	motor	60	l	0	0	0
Epps-2021-844-467	467	MOTORCYCLE	MOTORCYCLE	638	MOTORCYCLE	motorsykkel	14		9	l	0	0	0
Epps-2021-844-468	468	MOUND	MOUND					kuv	0	c	0	0	0
Epps-2021-844-469	469	MOUNTAIN	MOUNTAIN 1 // MOUNTAIN 2 // MOUNTAIN 3	639	MOUNTAIN	berg	28	berg	87	c	0	1	0
Epps-2021-844-470	470	MOUSE	MOUSE	1491	MOUSE	mus	12	mus	5	c	1	1	0
Epps-2021-844-471	471	MOUTH	MOUTH 1 // MOUTH 2 // MOUTH 3	674	MOUTH			slappra	0		0	0	0
Epps-2021-844-472	472	MOVEMENT	MOVEMENT	3695	MOVEMENT	rørsle		rörelse		c	0	0	1
Epps-2021-844-473	473	MULE	MULE	890	MULE			mula	6	l	1	0	0
Epps-2021-844-474	474	MURDER	MURDER	845	MURDER	mord	11	mord	52	c	0	0	1
Epps-2021-844-475	475	MUSHROOM	MUSHROOM 1 // MUSHROOM 2	641	MUSHROOM	kjuke	0	ticka, tjuka	0	c	0	1	0
Epps-2021-844-476	476	MUSIC	MUSIC	642	MUSIC	musikk	183	musik	191	l	0	0	1
Epps-2021-844-477	477	NAIL	NAIL	1896	FINGERNAIL OR TOENAIL	spikar	3	spik	4	c	0	0	0
Epps-2021-844-478	478	NAME	NAME	1405	NAME	namn	257	namn	378	c	0	0	1
Epps-2021-844-479	479	NASAL MUCUS	NASAL MUCUS	208	NASAL MUCUS (SNOT)	snørr	1	snor	0	c	0	1	0
Epps-2021-844-480	480	NATIVE COUNTRY	NATIVE COUNTRY	89	NATIVE COUNTRY	heimland	11	hemland	38	c	0	0	0
Epps-2021-844-481	481	NAVEL	NAVEL	1838	NAVEL	navle	1	navel	2	c	0	0	0
Epps-2021-844-482	482	NECK	NECK	1333	NECK	nakke	37	nacke	20	c	0	0	0
Epps-2021-844-483	483	NECKLACE	NECKLACE 1 // NECKLACE 2	1961	NECKLACE	halsband	52	halsband	2	c	0	0	0
Epps-2021-844-484	484	NEED OR NECESSITY	NEED OR NECESSITY 1 // NEED OR NECESSITY 2	422	NECESSITY	behov	125	behov	208	l	0	0	1
Epps-2021-844-485	485	NEEDLE (PINE)	NEEDLE (PINE) 1 // NEEDLE (PINE) 2			barnål	3			c	0	1	0
Epps-2021-844-486	486	NEEDLE (SEWING)	NEEDLE (SEWING)	1382	NEEDLE (FOR SEWING)	nål		nål	6	c	0	0	0
Epps-2021-844-487	487	NEIGHBOUR	NEIGHBOUR	1332	NEIGHBOUR	granne	33	granne	35	c	1	0	0
Epps-2021-844-488	488	NEST	NEST 1 // NEST 2	539	NEST			fågelbo	1	c	0	0	0
Epps-2021-844-489	489	NETTLE	NETTLE	33	NETTLE	nesle	0	nässla	1	l	0	1	0
Epps-2021-844-490	490	NEWSPAPER	NEWSPAPER 1 // NEWSPAPER 2	1298	NEWSPAPER	avis	284	avi	0	l	0	0	0
Epps-2021-844-491	491	NIGHT	NIGHT	1233	NIGHT	natt	210	natt	153	c	0	0	1
Epps-2021-844-492	492	NIPPLE OR TEAT	NIPPLE OR TEAT 1 // NIPPLE OR TEAT 2	796	NIPPLE	brystvorte	1	bröstvårta	1	c	0	0	0
Epps-2021-844-493	493	NOBLE	NOBLE	482	NOBLE	adelsmann	2	adelsman	12	c	1	0	0
Epps-2021-844-494	494	NOSE	NOSE	1221	NOSE	nase	46	näsa	20	c	0	0	0
Epps-2021-844-495	495	NOSTRIL	NOSTRIL	1178	NOSTRIL	nasehole	0	näshål	0	c	0	0	0
Epps-2021-844-496	496	NUMBER	NUMBER	1356	NUMBER	nummer	216	nummer	106	l	0	0	1
Epps-2021-844-497	497	NURSE	NURSE	1104	NURSE			sjuksköterska	12	c	1	0	0
Epps-2021-844-498	498	NUT	NUT	191	NUT	nøtt	2	nöt	5	c	0	0	0
Epps-2021-844-499	499	OAK	OAK	644	OAK	eik	2	ek	6	c	0	1	0
Epps-2021-844-500	500	OAR	OAR	3137	OAR	år, åre	15	åra	2	c	0	0	0
Epps-2021-844-501	501	OATH	OATH	1712	OATH	eid	5	ed	3	c	0	0	1
Epps-2021-844-502	502	OATS	OATS 1 // OATS 2	60	OAT	havre	0	havre	6	c	0	1	0
Epps-2021-844-503	503	OCEAN	OCEAN	645	OCEAN	osean		ocean	10	l	0	1	0
Epps-2021-844-504	504	OIL	OIL	1484	OIL (ORGANIC SUBSTANCE)	olje	69	olja	35	l	0	1	0
Epps-2021-844-505	505	OINTMENT	OINTMENT 1 // OINTMENT 2	1926	OINTMENT	smurning	0	smorning	0	c	0	1	0
Epps-2021-844-506	506	OLIVE	OLIVE	1154	OLIVE	oliven	0	oliv	1	l	0	0	0
Epps-2021-844-507	507	OMEN	OMEN 1 // OMEN 2 // OMEN 3	107	OMEN			förebud	2	c	0	0	1
Epps-2021-844-508	508	ONE'S OWN BUSINESS	ONE'S OWN BUSINESS					ensak		c	0	0	0
Epps-2021-844-509	509	ORNAMENT OR ADORNMENT	ORNAMENT OR ADORNMENT 1 // ORNAMENT OR ADORNMENT 2	917	ORNAMENT	utsmykking	5	utsmyckning	11	l	0	0	0
Epps-2021-844-510	510	OUTSKIRTS	OUTSKIRTS			utkant		utkant		l	0	0	1
Epps-2021-844-511	511	OVEN	OVEN	1143	OVEN	omn	47	ugn	13	c	0	0	0
Epps-2021-844-512	512	OWL	OWL	735	OWL	ugle	4	uggla	5	c	1	0	0
Epps-2021-844-513	513	OX	OX	1169	OX	okse	13	oxe	1	c	1	1	0
Epps-2021-844-514	514	PADDLE	PADDLE	234	PADDLE			paddel	0	l	0	0	0
Epps-2021-844-515	515	PADLOCK	PADLOCK	336	PADLOCK	hengelås	4	hänglås	11	c	0	0	0
Epps-2021-844-516	516	PAIN	PAIN 1 // PAIN 2 // PAIN 3 // PAIN 4 // PAIN 5	1783	PAIN	vondt		ont	0	c	0	x	1
Epps-2021-844-517	517	PAINT; COLOR	PAINT; COLOR	1613	COLOR	farge	48	färg	189	l	0	0	0
Epps-2021-844-518	518	PAIR	PAIR	1888	PAIR	par	244	par	427	l	0	0	1
Epps-2021-844-519	519	PALM OF THE HAND	PALM OF THE HAND 1 // PALM OF THE HAND 2 // PALM OF THE HAND 3	1183	PALM OF HAND	handflate	4	handflata	0	c	0	0	0
Epps-2021-844-520	520	PALM TREE	PALM TREE	1181	PALM TREE	palme	2	palm	9	l	0	1	0
Epps-2021-844-521	521	PAN	PAN	31	PAN	panne	24	panna	20	l	0	0	0
Epps-2021-844-522	522	PAPER	PAPER	648	PAPER	papir	41	papper	76	l	0	0	0
Epps-2021-844-523	523	PARENTS	PARENTS	505	PARENTS	forelder	126	föräldrar	137	c	1	1	0
Epps-2021-844-524	524	PART	PART 1 // PART 2	779	PART	del	1097	del	1177	l	0	0	1
Epps-2021-844-525	525	PASTRY	PASTRY					bakelse		l	0	0	0
Epps-2021-844-526	526	PASTURE	PASTURE 1 // PASTURE 2 // PASTURE 3	649	PASTURE	hage	38	hage	1	c	0	1	0
Epps-2021-844-527	527	PATH	PATH 1 // PATH 2	2252	PATH	veg	986	väg	552	c	0	0	0
Epps-2021-844-528	528	PEACE	PEACE	1338	PEACE	fred	152	fred	68	c	0	1	1
Epps-2021-844-529	529	PEG	PEG 1 // PEG 2 // PEG 3 // PEG 4 // PEG 5 // PEG 6	361	PEG	spuns	1	spuns	0	c	0	0	0
Epps-2021-844-530	530	PEN	PEN	794	PEN	penn	15	penna	22	l	0	0	0
Epps-2021-844-531	531	PENALTY OR PUNISHMENT	PENALTY OR PUNISHMENT 1 // PENALTY OR PUNISHMENT 2	390	PUNISHMENT	straff	21	straff	32	l	0	0	1
Epps-2021-844-532	532	PENIS	PENIS 1 // PENIS 2	1222	PENIS	peis	4			c	0	0	0
Epps-2021-844-533	533	PENSION	PENSION			pensjon		pension		l	0	0	1
Epps-2021-844-534	534	PEOPLE	PEOPLE	789	PEOPLE	folk	1523	folk	519	c	1	1	0
Epps-2021-844-535	535	PEPPER	PEPPER	1385	PEPPER	pepar	0	peppar	4	l	0	1	0
Epps-2021-844-536	536	PERJURY	PERJURY	1792	PERJURY	meined	0	mened	1	c	0	0	1
Epps-2021-844-537	537	PERSON	PERSON	683	PERSON	menneskjemenneske,		människa	844	l	1	0	0
Epps-2021-844-538	538	PERSONALITY	PERSONALITY			personlegdom		personlighet		l	0	1	1
Epps-2021-844-539	539	PESTLE	PESTLE	225	PESTLE	støyt	11	mortelstöt	8	c	0	0	0
Epps-2021-844-540	540	PETROLEUM	PETROLEUM	650	PETROLEUM	bensin	11	bensin	14	l	0	1	0
Epps-2021-844-541	541	PIECE	PIECE 1 // PIECE 2	594	PIECE	bete, bit	0	bit	65	c	0	0	1
Epps-2021-844-542	542	PIG	PIG 1 // PIG 2 // PIG 3	1337	PIG	gris	24	gris	4	c	1	0	0
Epps-2021-844-543	543	PILL OR TABLET	PILL OR TABLET	395	PILL	tablett	0	tablett	2	l	0	0	0
Epps-2021-844-544	544	PILLOW	PILLOW 1 // PILLOW 2	1044	PILLOW	kodde	1	kudde	2	c	0	0	0
Epps-2021-844-545	545	PINE	PINE	1740	PINE	toll	10	tall	7	c	0	1	0
Epps-2021-844-546	546	PIPE	PIPE	1124	PIPE	pipe	35	pipa	18	l	0	0	0
Epps-2021-844-547	547	PITCHFORK	PITCHFORK 1 // PITCHFORK 2	337	PITCHFORK	kvissel&	0			c	0	0	0
Epps-2021-844-548	548	PITY	PITY	1141	PITY	synd	76	synd	44	l	0	x	1
Epps-2021-844-549	549	PLACE	PLACE	723	PLACE (POSITION)	plass	522	plats	463	l	0	0	0
Epps-2021-844-550	550	PLAIN	PLAIN	652	PLAIN	slette	14	slätt	16	c	0	1	0
Epps-2021-844-551	551	PLAINTIFF	PLAINTIFF	2020	PLAINTIFF			kärande	0	l	1	0	0
Epps-2021-844-552	552	PLAIT/BRAID	PLAIT/BRAID	1729	PLAIT OR BRAID OR WEAVE	flette	2	fläta	5	c	0	0	0
Epps-2021-844-553	553	PLANT	PLANT	653	PLANT (VEGETATION)	vekst	55	växt	22	c	0	1	0
Epps-2021-844-554	554	PLASTIC	PLASTIC	654	PLASTIC	plast	9	plast	31	l	0	1	0
Epps-2021-844-555	555	PLATE	PLATE	480	PLATE	tallerk,tallerken	6	tallrik	7	l	0	0	0
Epps-2021-844-556	556	PLOT	PLOT 1 // PLOT 2 // PLOT 3	2024	PLOT	komplott	0	komplott	2	l	0	0	1
Epps-2021-844-557	557	POCKET	POCKET 1 // POCKET 2	1851	POCKET	fikke	0	ficka	13	l	0	0	0
Epps-2021-844-558	558	POET	POET	1045	POET	diktar	60	diktare	58	l	1	0	0
Epps-2021-844-559	559	POISON	POISON	655	POISON	gift	6	gift	18	l	0	1	1
Epps-2021-844-560	560	POLICE	POLICE	656	POLICE	polis, polise	2	polis	202	l	1	0	0
Epps-2021-844-561	561	PORT	PORT	610	PORT	hamn	37	hamn	111	c	0	0	0
Epps-2021-844-562	562	PORTION	PORTION			porsjon		portion		l	0	0	1
Epps-2021-844-563	563	POST OR POLE	POST OR POLE 1 // POST OR POLE 2	281	POST			pelare	10	l	0	0	0
Epps-2021-844-564	564	POST/MAIL	POST/MAIL	167	MAIL	post	81	post	59	l	0	1	0
Epps-2021-844-565	565	POSTCARD	POSTCARD	1497	POSTCARD	postkort	2	vykort	3	l	0	0	0
Epps-2021-844-566	566	POT	POT	1462	POT	gryte	16	gryta	1	c	0	0	0
Epps-2021-844-567	567	POTATO	POTATO 1 // POTATO 2	593	POTATO	pære	3	pära	0	l	0	0	0
Epps-2021-844-568	568	POTTER	POTTER	359	POTTER			krukmakare	0	l	1	0	0
Epps-2021-844-569	569	PRAISE	PRAISE 1 // PRAISE 2 // PRAISE 3 // PRAISE 4	1687	PRAISE			beröm	14	l	0	x	1
Epps-2021-844-570	570	PRAISE/ BOASTING	PRAISE/ BOASTING			skrepp	0	skräpp		c	0	x	1
Epps-2021-844-571	571	PRAWN OR SHRIMP	PRAWN OR SHRIMP	2349	SHRIMP	reke	3	räka	5	l	1	1	0
Epps-2021-844-572	572	PRECIPICE	PRECIPICE	618	PRECIPICE	stup	5	stup	4	c	0	0	0
Epps-2021-844-573	573	PRESIDENT	PRESIDENT	899	PRESIDENT	president	63	president	205	l	1	0	0
Epps-2021-844-574	574	PRICE	PRICE	657	PRICE	pris	241	pris	283	l	0	1	1
Epps-2021-844-575	575	PRIEST	PRIEST	852	PRIEST	prest	157	präst	89	l	1	0	0
Epps-2021-844-576	576	PRINTING	PRINTING			trykkeri		tryckeri		l	0	0	0
Epps-2021-844-577	577	PRISON	PRISON	1281	PRISON	fengsel	37	fängelse	60	l	0	0	0
Epps-2021-844-578	578	PROPERTY	PROPERTY			eigedom		egendom		c	0	0	1
Epps-2021-844-579	579	PUMPKIN OR SQUASH	PUMPKIN OR SQUASH 1 // PUMPKIN OR SQUASH 2	864	PUMPKIN			pumpa	3	l	0	1	0
Epps-2021-844-580	580	PUNISHMENT	PUNISHMENT	390	PUNISHMENT	refsing	0	räfsing	0	c	0	0	1
Epps-2021-844-581	581	PUPIL	PUPIL 1 // PUPIL 2	753	PUPIL (STUDENT)	elev	282	elev	249	l	1	0	0
Epps-2021-844-582	582	PUS	PUS	1808	PUS	var	1	var	0	c	0	1	0
Epps-2021-844-583	583	QUARREL	QUARREL 1 // QUARREL 2 // QUARREL 3 // QUARREL 4 // QUARREL 5	1848	QUARREL			gräl	10	c	0	0	1
Epps-2021-844-584	584	QUEEN	QUEEN	1306	QUEEN	dronning	4	drottning	62	c	1	0	0
Epps-2021-844-585	585	RABBIT	RABBIT	1136	RABBIT	kanin	14	kanin	1	l	1	0	0
Epps-2021-844-586	586	RADIO	RADIO	1315	RADIO	radio	91		126	l	0	0	0
Epps-2021-844-587	587	RAFT	RAFT	1664	RAFT	flåte	14	flotte	4	c	0	0	0
Epps-2021-844-588	588	RAFTER	RAFTER 1 // RAFTER 2	829	RAFTER	takstol	0	takstol	0	c	0	0	0
Epps-2021-844-589	589	RAIN	RAIN	658	RAIN (PRECIPITATION)	regn	59	regn	28	c	0	1	0
Epps-2021-844-590	590	RAINBOW	RAINBOW	1733	RAINBOW	regnboge	4	regnbåge	1	c	0	0	0
Epps-2021-844-591	591	RAKE	RAKE 1 // RAKE 2 // RAKE 3	338	RAKE	harv	1	harv, harva	0	c	0	0	0
Epps-2021-844-592	592	RAPE	RAPE	953	RAPE	valdtekt	5	våldtäkt	6	c	0	0	0
Epps-2021-844-593	593	RAT	RAT	1490	RAT	rotte	3	råtta	8	l	1	1	0
Epps-2021-844-594	594	RATTLE	RATTLE	300	RATTLE			skallra	1	c	0	0	0
Epps-2021-844-595	595	RAZOR	RAZOR	151	RAZOR	høvel	0	rakhyvel	0	l	0	0	0
Epps-2021-844-596	596	REINDEER/CARIBOU	REINDEER/CARIBOU	1876	REINDEER	rein	15	ren	1	c	1	0	0
Epps-2021-844-597	597	RELATIVES	RELATIVES 1 // RELATIVES 2	1644	RELATIVES	slekt	45	släkt	41	l	1	1	0
Epps-2021-844-598	598	RELIGION	RELIGION	661	RELIGION	religion	22	religion	75	l	0	1	1
Epps-2021-844-599	599	RICE	RICE	926	RICE	ris	4	ris	7	l	0	1	0
Epps-2021-844-600	600	RIDGEPOLE	RIDGEPOLE	280	RIDGEPOLE	takås	0	takås	3	c	0	0	0
Epps-2021-844-601	601	RING	RING	1374	RING	ring	37	ring	24	c	0	0	0
Epps-2021-844-602	602	RIVER OR STREAM	RIVER OR STREAM 1 // RIVER OR STREAM 2 // RIVER OR STREAM 3	666	RIVER	å	15	å	7	c	0	0	0
Epps-2021-844-603	603	ROAD	ROAD	667	ROAD	gate	69	gata	119	c	0	0	0
Epps-2021-844-604	604	ROD	ROD			svige		svig	0	c	0	0	0
Epps-2021-844-605	605	ROOF	ROOF	769	ROOF	tak	218	tak	73	c	0	0	0
Epps-2021-844-606	606	ROOM	ROOM	1450	ROOM	rom	216	rum	301	c	0	0	0
Epps-2021-844-607	607	ROOT	ROOT	670	ROOT	rot	49	rot	43	c	0	1	0
Epps-2021-844-608	608	ROPE	ROPE	1218	ROPE	reip	0	rep	3	c	0	0	0
Epps-2021-844-609	609	RUDDER	RUDDER 1 // RUDDER 2	108	RUDDER	styre	286	styre	2	c	0	0	0
Epps-2021-844-610	610	RUIN	RUIN			ruin	0	ruin	17	l	0	0	0
Epps-2021-844-611	611	RYE	RYE	23	RYE	rug	1	råg	1	c	0	1	0
Epps-2021-844-612	612	SACRIFICE	SACRIFICE	1103	SACRIFICE	offer	27	offer	66	l	0	1	1
Epps-2021-844-613	613	SAIL	SAIL	787	SAIL	segl	10	segel	27	c	0	0	0
Epps-2021-844-614	614	SALT	SALT	1274	SALT	salt	18	salt	20	c	0	1	0
Epps-2021-844-615	615	SAND	SAND	671	SAND	sand	19	sand	32	c	0	1	0
Epps-2021-844-616	616	SANDFLY OR MIDGE OR GNAT	SANDFLY OR MIDGE OR GNAT 1 // SANDFLY OR MIDGE OR GNAT 2	95	SANDFLY	mygg	4	mygga	3	c	1	1	0
Epps-2021-844-617	617	SAP	SAP	345	SAP	sevje	5	sav	0	c	0	1	0
Epps-2021-844-618	618	SATURDAY	SATURDAY	1700	SATURDAY	laurdag	232	lördag	93	c	0	0	1
Epps-2021-844-619	619	SAUSAGE	SAUSAGE 1 // SAUSAGE 2	1874	SAUSAGE	kurv	0	korv	10	c	0	0	0
Epps-2021-844-620	620	SAW	SAW	1948	SAW	sag	8	såg	2	c	0	0	0
Epps-2021-844-621	621	SCAB	SCAB	2664	SCAB	skorpe	4	sårskorpa	0	c	0	1	0
Epps-2021-844-622	622	SCALE	SCALE	266	SCALE			fjäll		c	1	1	0
Epps-2021-844-623	623	SCAR	SCAR	497	SCAR	ær	0	ärr	13	c	0	0	0
Epps-2021-844-624	624	SCHOOL	SCHOOL	673	SCHOOL	skole, skule	836	skola	296	l	0	1	0
Epps-2021-844-625	625	SCIENCE	SCIENCE			vitskap		vetenskap		l	0	1	1
Epps-2021-844-626	626	SCISSORS OR SHEARS	SCISSORS OR SHEARS	356	SHEARS	saks	11	sax	5	c	0	0	0
Epps-2021-844-627	627	SCORPION	SCORPION	1538	SCORPION	skorpion	0	skorpion	0	l	1	0	0
Epps-2021-844-628	628	SCRAPER	SCRAPER			skrape	1	skrapa	0	l	0	0	1
Epps-2021-844-629	629	SCREW	SCREW	1802	SCREW	skrue	2	skruv	5	l	0	0	0
Epps-2021-844-630	630	SCREWDRIVER/CHISEL	SCREWDRIVER/CHISEL	1979	CHISEL	meisel	0	skruvmejsel	0	l	0	0	0
Epps-2021-844-631	631	SCULPTOR	SCULPTOR	914	SCULPTOR	skulptør	1	skulptör	10	l	1	0	0
Epps-2021-844-632	632	SEA	SEA	1474	SEA	hav	123	hav	153	c	0	1	0
Epps-2021-844-633	633	SEAGULL	SEAGULL 1 // SEAGULL 2 // SEAGULL 3	950	SEAGULL	lom	8	lom	0	c	1	0	0
Epps-2021-844-634	634	SEASON	SEASON	691	SEASON	årstid	16	årstid	9	c	0	1	1
Epps-2021-844-635	635	SEAT	SEAT			sete	25	säte	7	c	0	0	0
Epps-2021-844-636	636	SECTION	SECTION			seksjon		sektion		l	0	0	1
Epps-2021-844-637	637	SEED	SEED	714	SEED	frø	0	frö	28	c	0	1	0
Epps-2021-844-638	638	SERVANT	SERVANT 1 // SERVANT 2 // SERVANT 3 // SERVANT 4	255	SERVANT	tenar	17	tjänare	15	c	1	0	0
Epps-2021-844-639	639	SHADE OR SHADOW	SHADE OR SHADOW	1388	SHADE	skugge	51	skugga	63	c	0	1	0
Epps-2021-844-640	640	SHAME	SHAME	1776	SHAME	skam	18	skam	9	c	0	x	1
Epps-2021-844-641	641	SHAVINGS	SHAVINGS			spon	2	spån	0	c	0	1	0
Epps-2021-844-642	642	SHED (UTHUS)	SHED (UTHUS)	3025	BARN OR SHED	uthus	10	uthus	3	c	0	0	0
Epps-2021-844-643	643	SHEEP	SHEEP 1 // SHEEP 2	1331	SHEEP	sau	84			c	1	1	0
Epps-2021-844-644	644	SHELF	SHELF	745	SHELF	hylle	17	hylla	19	l	0	0	0
Epps-2021-844-645	645	SHELL	SHELL 1 // SHELL 2	598	SHELL	skjel, skal	3	skal		c	1	1	0
Epps-2021-844-646	646	SHIELD	SHIELD	1064	SHIELD	skjold	2	sköld	8	c	0	0	0
Epps-2021-844-647	647	SHIP	SHIP	740	SHIP	skip	32	skepp	20	c	0	0	0
Epps-2021-844-648	648	SHIRT	SHIRT	1622	SHIRT	skjorte	24	skjorta	9	c	0	0	0
Epps-2021-844-649	649	SHOE	SHOE	1381	SHOE	sko	46	sko	48	c	0	0	0
Epps-2021-844-650	650	SHOEMAKER	SHOEMAKER	875	SHOEMAKER	skomakar	6	skomakare	10	l	0	0	0
Epps-2021-844-651	651	SHOP/STORE	SHOP/STORE 1 // SHOP/STORE 2 // SHOP/STORE 3	752	STORE	bu&	12			c	0	0	0
Epps-2021-844-652	652	SHORE	SHORE	113	SHORE	strand	30	strand	72	c	0	1	0
Epps-2021-844-653	653	SHOULDER	SHOULDER 1 // SHOULDER 2	1482	SHOULDER						0	0	0
Epps-2021-844-654	654	SHOULDER-BLADE	SHOULDER-BLADE	172	SHOULDERBLADE	akselfjøl	0			c	0	0	0
Epps-2021-844-655	655	SHOVEL	SHOVEL 1 // SHOVEL 2	1901	SHOVEL	spade	11	spade	4	c	0	0	0
Epps-2021-844-656	656	SIBLING	SIBLING	1640	SIBLING	sysken,søsken	18	syskon	9	c	1	0	0
Epps-2021-844-657	657	SICKLE OR SCYTHE	SICKLE OR SCYTHE 1 // SICKLE OR SCYTHE 2	2132	SICKLE OR SCYTHE	sigd	1	sigd	0	c	0	0	0
Epps-2021-844-658	658	SIDE	SIDE	682	SIDE	side	648	sida	679	c	0	0	0
Epps-2021-844-659	659	SILK	SILK 1 // SILK 2	1641	SILK	silke	1	silke	0	l	0	0	0
Epps-2021-844-660	660	SILVER	SILVER	759	SILVER	sylv, sølv	0	silver	14	c	0	1	0
Epps-2021-844-661	661	SINEW OR TENDON	SINEW OR TENDON	1137	TENDON	sen, sene	1	sena	0	c	0	1	0
Epps-2021-844-662	662	SINK	SINK 1 // SINK 2 // SINK 3			benk		diskbänk	2	c	0	0	0
Epps-2021-844-663	663	SKIN OR HIDE	SKIN OR HIDE 1 // SKIN OR HIDE 2	763	SKIN	hud	5	hud	21	c	0	1	0
Epps-2021-844-664	664	SKIRT	SKIRT	1600	SKIRT	kjole	30	kjol	38	l	0	0	0
Epps-2021-844-665	665	SKULL	SKULL	1605	SKULL	skalle	13	skalle	13	c	0	0	0
Epps-2021-844-666	666	SKY/HEAVEN	SKY/HEAVEN	1732	SKY	himmel	80	himmel	51	c	0	1	0
Epps-2021-844-667	667	SLAVE	SLAVE 1 // SLAVE 2	812	SLAVE	træl	3	träl	0	c	1	0	0
Epps-2021-844-668	668	SLEDGE/SLED	SLEDGE/SLED 1 // SLEDGE/SLED 2	16	SLED	slede	7	släde	1	c	0	0	0
Epps-2021-844-669	669	SMOKE	SMOKE	778	SMOKE (EXHAUST)	røyk	38	rök	16	c	0	1	0
Epps-2021-844-670	670	SNAKE	SNAKE	730	SNAKE	orm	4	orm	4	c	1	0	0
Epps-2021-844-671	671	SNOW	SNOW	784	SNOW	snø	6	snö	44	c	0	1	0
Epps-2021-844-672	672	SNOWSHOE	SNOWSHOE	233	SNOWSHOE	truge	0	tryga	0	c	0	0	0
Epps-2021-844-673	673	SOAP	SOAP 1 // SOAP 2	788	SOAP	dveil	0	tvål	8	c	0	0	0
Epps-2021-844-674	674	SOCK OR STOCKING	SOCK OR STOCKING 1 // SOCK OR STOCKING 2	329	STOCKING	strømpe	0	strumpa	10	l	0	0	0
Epps-2021-844-675	675	SOIL	SOIL	1228	EARTH (SOIL)	jord	251	jord	178	c	0	1	0
Epps-2021-844-676	676	SOLDIER	SOLDIER	1941	SOLDIER	soldat	61	soldat	67	l	1	0	0
Epps-2021-844-677	677	SONG	SONG 1 // SONG 2	1096	SONG	låt	11	låt	12	c	0	0	0
Epps-2021-844-678	678	SORCEROR	SORCEROR	823	SORCERER	trollkar,trollkall	1	trollkarl	5	c	1	0	1
Epps-2021-844-679	679	SOUL OR SPIRIT	SOUL OR SPIRIT	53	SPIRIT	ande	9	ande	28	c	1	0	1
Epps-2021-844-680	680	SOUND OR NOISE	SOUND OR NOISE	1811	SOUND OR NOISE	ljod, lyd	76	ljud	31	c	0	1	1
Epps-2021-844-681	681	SOUP	SOUP 1 // SOUP 2 // SOUP 3 // SOUP 4	1547	SOUP	kokning	0	kokning	0	l	0	1	0
Epps-2021-844-682	682	SPADE	SPADE 1 // SPADE 2	1176	SPADE	fjøl,bakstefjøl	7	fjöl	0	c	0	0	0
Epps-2021-844-683	683	SPEAR	SPEAR	945	SPEAR	spjut, spyd	3	spjut	3	c	0	0	0
Epps-2021-844-684	684	SPECTACLES OR GLASSES	SPECTACLES OR GLASSES 1 // SPECTACLES OR GLASSES 2	1898	SPECTACLES	glasauga	0	glasögon	10	c	0	0	0
Epps-2021-844-685	685	SPEECH	SPEECH	1115	SPEECH	tale	132	tal	200	c	0	0	1
Epps-2021-844-686	686	SPIDER	SPIDER // SPIDER	843	SPIDER	kongro	0				1	0	0
Epps-2021-844-687	687	WEB/FABRIC	WEB/FABRIC	1065	SPIDER WEB	kongrovev	4	väv	2	c	0	1	0
Epps-2021-844-688	688	SPINDLE	SPINDLE	277	SPINDLE	snelle	0	slända	0	c	0	0	0
Epps-2021-844-689	689	SPINE	SPINE	805	SPINE	ryggrad	7	ryggrad	9	l	0	0	0
Epps-2021-844-690	690	SPLEEN	SPLEEN	1744	SPLEEN	milt	0	mjälte	2	c	0	0	0
Epps-2021-844-691	691	SPOON	SPOON	1378	SPOON	skei	8	sked	2	l	0	0	0
Epps-2021-844-692	692	SPRING (SEASON)	SPRING (SEASON)	1537	SPRINGTIME	vår	163	vår	144	c	0	1	1
Epps-2021-844-693	693	SPRING OR WELL	SPRING OR WELL 1 // SPRING OR WELL 2	2144	SPRING OR WELL	brunn	8	brunn	12	c	0	0	0
Epps-2021-844-694	694	SQUARE	SQUARE	850	SQUARE	firkant	1	fyrkant	2	l	0	0	0
Epps-2021-844-695	695	SQUIRREL	SQUIRREL	1628	SQUIRREL	ikorn, ekorn	0	ekorre	2	c	1	0	0
Epps-2021-844-696	696	STABLE OR STALL	STABLE OR STALL	851	STABLE	lade, løe	32	lada	2	c	0	0	0
Epps-2021-844-697	697	STACK	STACK			stakk	7	stack	1	c	0	1	0
Epps-2021-844-698	698	STAFF	STAFF			pigg	2	pik	0	c	0	0	0
Epps-2021-844-699	699	STAR	STAR	1430	STAR	stjerne	28	stjärna	33	c	0	0	0
Epps-2021-844-700	700	STARCH	STARCH					stärkelse		c	0	1	1
Epps-2021-844-701	701	STATION	STATION			stasjon		station		l	0	0	0
Epps-2021-844-702	702	STATUE	STATUE	1002	STATUE	statue	0	staty	5	l	0	0	0
Epps-2021-844-703	703	STEAM	STEAM 1 // STEAM 2 // STEAM 3	1193	STEAM			dofve	0	c	0	1	0
Epps-2021-844-704	704	STEER	STEER			stut	0	stut	0	c	1	1	0
Epps-2021-844-705	705	STONE	STONE	857	STONE	stein	115	sten	68	c	0	1	0
Epps-2021-844-706	706	STORM	STORM	858	STORM	storm	35	storm	45	c	0	1	0
Epps-2021-844-707	707	STORY	STORY	2060	STORY			berättelse		l	0	0	1
Epps-2021-844-708	708	STOVE	STOVE	859	STOVE	spis	0	spis	17	l	0	0	0
Epps-2021-844-709	709	STRANGER	STRANGER 1 // STRANGER 2 // STRANGER 3	791	STRANGER	framand		främmande	1	l	1	0	0
Epps-2021-844-710	710	STRAP	STRAP 1 // STRAP 2 // STRAP 3	2973	STRAP	reim	1	bärrem	1	c	0	0	0
Epps-2021-844-711	711	STUPIDITY	STUPIDITY			dumskap@		dumhet		l	0	1	1
Epps-2021-844-712	712	SUGAR	SUGAR	862	SUGAR	sukker	11	socker	15	l	0	1	0
Epps-2021-844-713	713	SUMMER	SUMMER	1342	SUMMER	sommar,sumar	261	sommar	137	c	0	1	1
Epps-2021-844-714	714	SUMMER PASTURE (FÄBOD)	SUMMER PASTURE (FÄBOD) 1 // SUMMER PASTURE (FÄBOD) 2 // SUMMER PASTURE (FÄBOD) 3 // SUMMER PASTURE (FÄBOD) 4			voll		vall	8	c	0	0	0
Epps-2021-844-715	715	SUN	SUN	1343	SUN	sol	98	sol	87	c	0	0	0
Epps-2021-844-716	716	SUNDAY	SUNDAY	1699	SUNDAY	sundag,søndag	222	söndag	87	l	0	0	1
Epps-2021-844-717	717	SUPPER	SUPPER 1 // SUPPER 2	1833	DINNER (SUPPER)	kveldsgraut	1	kvällsgröt	10	c	0	0	0
Epps-2021-844-718	718	SWAMP	SWAMP 1 // SWAMP 2 // SWAMP 3	1145	SWAMP	tjørn	0	tjärn	2	c	0	1	0
Epps-2021-844-719	719	SWEET THING	SWEET THING					sötsak		c	0	0	0
Epps-2021-844-720	720	SWELLING	SWELLING	1903	SWELLING	svoll, svull	0	svullnad@	0	c	0	1	0
Epps-2021-844-721	721	SWORD	SWORD	1535	SWORD	sverd	4	svärd	11	c	0	0	0
Epps-2021-844-722	722	TABLE	TABLE	1775	TABLE	bord	3	bord	93	c	0	0	0
Epps-2021-844-723	723	TABLET (COMPUTER)	TABLET (COMPUTER)			platte				l	0	0	0
Epps-2021-844-724	724	TAIL	TAIL 1 // TAIL 2	1220	TAIL	skate				c	0	0	0
Epps-2021-844-725	725	TAILOR	TAILOR	881	TAILOR	skreddar	3	skräddare	7	l	1	0	0
Epps-2021-844-726	726	TAP/FAUCET	TAP/FAUCET	1488	FAUCET	kran	19	kran	7	l	0	0	0
Epps-2021-844-727	727	TATTOO	TATTOO	68	TATTOO	tatovering	0	tatuering	0	l	0	0	0
Epps-2021-844-728	728	TAX	TAX	873	TAX	skatt	53	skatt	34	c	0	1	1
Epps-2021-844-729	729	TEA	TEA	1373	TEA	te	5	té	10	l	0	1	0
Epps-2021-844-730	730	TEACHER	TEACHER	1038	TEACHER	lærar	198	lärare	161	l	1	0	0
Epps-2021-844-731	731	TEAM	TEAM	3961	TEAM	lag		lag		c	x	1	0
Epps-2021-844-732	732	TEAR	TEAR	1651	TEAR (OF EYE)	tåre	37	tår	10	c	0	0	1
Epps-2021-844-733	733	TELEPHONE	TELEPHONE	1379	TELEPHONE	telefon	66		32	l	0	0	0
Epps-2021-844-734	734	TELEVISION	TELEVISION	1788	TELEVISION	tv	28		147	l	0	0	0
Epps-2021-844-735	735	TEMPLE	TEMPLE	911	TEMPLE	tempel	2	tempel	34	l	0	0	0
Epps-2021-844-736	736	TEMPLES	TEMPLES	1604	TEMPLES	tinning	5	tinning	2	c	0	0	0
Epps-2021-844-737	737	TENT	TENT	1316	TENT	telt	21	tält	12	l	0	0	0
Epps-2021-844-738	738	TESTICLE	TESTICLE	797	TESTICLES	testikkel	0	testikel	0	l	0	0	0
Epps-2021-844-739	739	TEXT MESSAGE	TEXT MESSAGE			sms		sms		l	0	0	0
Epps-2021-844-740	740	THATCH	THATCH	279	THATCH	halm	0	halm	3	c	0	0	0
Epps-2021-844-741	741	THIEF	THIEF	1160	THIEF	tjuv	21	tjuv	6	c	1	0	0
Epps-2021-844-742	742	THIGH	THIGH	471	UPPER LEG (THIGH)	lår	10	lår	3	c	0	0	0
Epps-2021-844-743	743	THING	THING 1 // THING 2	738	THING	sak	917	sak	453	c	0	0	0
Epps-2021-844-744	744	THREAD	THREAD	1161	THREAD	tråd	55	tråd	21	c	0	1	0
Epps-2021-844-745	745	THROAT	THROAT	1346	THROAT	hals	52	hals	27	c	0	0	0
Epps-2021-844-746	746	THUMB	THUMB	1781	THUMB	tommel@	10	tumling	0	c	0	0	0
Epps-2021-844-747	747	THUNDER	THUNDER 1 // THUNDER 2 // THUNDER 3	1150	THUNDER						0	1	0
Epps-2021-844-748	748	THURSDAY	THURSDAY	1693	THURSDAY	torsdag	150	torsdag	79	c	0	0	1
Epps-2021-844-749	749	TICK	TICK 1 // TICK 2	1527	TICK			fästing	0	c	1	0	0
Epps-2021-844-750	750	TIME	TIME 1 // TIME 2	892	TIME	tid	1755	tid	1383	c	0	1	1
Epps-2021-844-751	751	TIN OR TINPLATE	TIN OR TINPLATE	3217	TIN OR TINPLATE	tinn	2	tenn	1	c	0	1	0
Epps-2021-844-752	752	TIN/CAN	TIN/CAN 1 // TIN/CAN 2	1051	CAN			burk	34	c	0	0	0
Epps-2021-844-753	753	TIREDNESS	TIREDNESS	1140	FATIGUE	trøyttleik@		trötthet		l	0	1	1
Epps-2021-844-754	754	TOBACCO	TOBACCO 1 // TOBACCO 2	974	TOBACCO	kardus	0	kardus	0	l	0	1	0
Epps-2021-844-755	755	TOE	TOE	1389	TOE	tå	10	tå	9	c	0	0	0
Epps-2021-844-756	756	TOILET	TOILET	219	TOILET	dass	2	dass	0	l	0	0	0
Epps-2021-844-757	757	TONGS	TONGS	272	TONGS	tong	2	tång	6	c	0	1	0
Epps-2021-844-758	758	TONGUE	TONGUE	1205	TONGUE	tunge	19	tunga	8	c	0	0	0
Epps-2021-844-759	759	TOOL	TOOL 1 // TOOL 2 // TOOL 3 // TOOL 4	1361	TOOL	børnad,bunad	0				0	0	0
Epps-2021-844-760	760	TOOTH	TOOTH	1380	TOOTH	tann	55	tand	13	c	0	1	0
Epps-2021-844-761	761	TOP	TOP	1753	TOP	topp	121	topp	66	c	0	0	0
Epps-2021-844-762	762	TOWEL	TOWEL	1021	TOWEL	handduk	7	handduk	4	l	0	0	0
Epps-2021-844-763	763	TOWER	TOWER	1671	TOWER	torn	1	torn	25	l	0	0	0
Epps-2021-844-764	764	TOWN	TOWN	1391	TOWN	stad	696	stad	619	c	0	1	0
Epps-2021-844-765	765	TOY	TOY	2403	TOY			leksak		c	0	0	0
Epps-2021-844-766	766	TRACTOR	TRACTOR			traktor	78		9	l	0	0	0
Epps-2021-844-767	767	TRADITION	TRADITION	1747	CUSTOM	tradisjon		tradition		l	0	0	1
Epps-2021-844-768	768	TRAIN	TRAIN	900	TRAIN	tog	52	tåg	55	l	0	0	0
Epps-2021-844-769	769	TRAP	TRAP 1 // TRAP 2 // TRAP 3	1075	TRAP (PITFALL)	glefse	0	gläfs	0	c	0	1	0
Epps-2021-844-770	770	TREE	TREE	906	TREE	tre	15	träd	60	c	0	1	0
Epps-2021-844-771	771	TREE STUMP	TREE STUMP	241	TREE STUMP	stubbe	1	stubbe	1	c	0	0	0
Epps-2021-844-772	772	TREE TRUNK	TREE TRUNK 1 // TREE TRUNK 2 // TREE TRUNK 3	344	TREE TRUNK	låg	0	låga	0	c	0	0	0
Epps-2021-844-773	773	TROUGH	TROUGH	205	TROUGH	trau	0	tråg	0	c	0	0	0
Epps-2021-844-774	774	TROUSERS	TROUSERS 1 // TROUSERS 2	809	TROUSERS	brok	4	brok	0	l	0	0	0
Epps-2021-844-775	775	TUESDAY	TUESDAY	1695	TUESDAY	tysdag	117	tisdag	89	c	0	0	1
Epps-2021-844-776	776	TUFT	TUFT			tue, tuve		tuva		c	0	0	0
Epps-2021-844-777	777	TURTLE	TURTLE	112	TURTLE	skjelpadde	0	sköldpadda	1	c	1	0	0
Epps-2021-844-778	778	TWILIGHT	TWILIGHT	2297	DUSK	skyming	1	skymning	9	c	0	0	1
Epps-2021-844-779	779	TWIN	TWIN 1 // TWIN 2	1005	TWINS			billing	0	c	1	0	0
Epps-2021-844-780	780	UDDER	UDDER	154	UDDER	jur	5	juver	1	c	0	0	0
Epps-2021-844-781	781	UNFRIENDLINESS	UNFRIENDLINESS	3955	HOSTILITY	uvennskap		ovänskap		c	0	1	1
Epps-2021-844-782	782	UNIT	UNIT			eining@		enhet		l	0	0	1
Epps-2021-844-783	783	WAGES	WAGES	1122	WAGES	løn, lønn	69	lön	81	c	0	1	1
Epps-2021-844-784	784	VAGINA	VAGINA 1 // VAGINA 2 // VAGINA 3	1836	VAGINA	tuppe	0	tuppa	0	c	0	0	0
Epps-2021-844-785	785	WAIST	WAIST	1681	WAIST	midje	0	midja	12	c	0	0	0
Epps-2021-844-786	786	WALKING STICK	WALKING STICK 1 // WALKING STICK 2 // WALKING STICK 3	1296	WALKING STICK	staur	1	stör	5	c	0	0	0
Epps-2021-844-787	787	WALL	WALL	933	WALL (OF HOUSE)	vegg	104	vägg	91	c	0	0	0
Epps-2021-844-788	788	VALLEY	VALLEY	921	VALLEY	dal	57	dal	15	c	0	1	0
Epps-2021-844-789	789	VALUABLE	VALUABLE			verdisak		värdesak		c	0	0	0
Epps-2021-844-790	790	WAR OR BATTLE	WAR OR BATTLE 1 // WAR OR BATTLE 2	579	BATTLE	feide	0	fejd	2	l	0	1	1
Epps-2021-844-791	791	WASP	WASP 1 // WASP 2	1517	WASP			geting	0	c	1	1	0
Epps-2021-844-792	792	WASTE	WASTE	79	WASTE	sløsing@		slöseri		c	0	1	1
Epps-2021-844-793	793	WATER	WATER	948	WATER	vatn	308	vatten	207	c	0	1	0
Epps-2021-844-794	794	WATERFALL	WATERFALL 1 // WATERFALL 2	943	WATERFALL	foss	19	fors	1	c	0	0	0
Epps-2021-844-795	795	WAVE	WAVE	978	WAVE	våg	10	våg	61	l	0	0	0
Epps-2021-844-796	796	WEAPONS	WEAPONS	951	WEAPONS	våpen	62	vapen	69	c	0	1	0
Epps-2021-844-797	797	WEATHER	WEATHER	952	WEATHER	vêr	122	väder	53	c	0	1	0
Epps-2021-844-798	798	WEB PAGE	WEB PAGE			nettside				l	0	0	0
Epps-2021-844-799	799	WEDDING	WEDDING 1 // WEDDING 2	1259	WEDDING	gjestebod&	4	gästabud	2	c	0	0	1
Epps-2021-844-800	800	WEDNESDAY	WEDNESDAY	1694	WEDNESDAY	onsdag	124	onsdag	100	c	0	0	1
Epps-2021-844-801	801	WEEK	WEEK	1469	WEEK	veke	383	vecka	386	c	0	1	1
Epps-2021-844-802	802	VEGETABLE	VEGETABLE	924	VEGETABLES	grønsak	18	grönsak	17	c	0	0	0
Epps-2021-844-803	803	WEIGHT	WEIGHT	2466	WEIGHT	våg	10	våg	2	c	0	0	0
Epps-2021-844-804	804	VEIL	VEIL	1151	VEIL	slør@	8	slöja	7	l	0	0	0
Epps-2021-844-805	805	VEIN OR ARTERY	VEIN OR ARTERY	525	BLOOD VESSEL	år	387	blodåder	4	c	0	0	0
Epps-2021-844-806	806	VERSION	VERSION			versjon		version		l	0	0	1
Epps-2021-844-807	807	VESSEL	VESSEL			kjerald	1	kärl	2	c	0	0	0
Epps-2021-844-808	808	WHALE	WHALE	957	WHALE	kval		val		c	1	0	0
Epps-2021-844-809	809	WHEAT	WHEAT	1077	WHEAT	kveite	8	vete	7	c	0	1	0
Epps-2021-844-810	810	WHEEL	WHEEL	710	WHEEL	hjul	19	hjul	21	c	0	0	0
Epps-2021-844-811	811	WHETSTONE	WHETSTONE 1 // WHETSTONE 2 // WHETSTONE 3 // WHETSTONE 4	295	WHETSTONE	bryne	0	bryne	0	c	0	0	0
Epps-2021-844-812	812	WHIP	WHIP	2630	WHIP	pisk	4	piska	3	l	0	0	0
Epps-2021-844-813	813	WHOLE	WHOLE	2277	WHOLE			helhet		l	0	1	1
Epps-2021-844-814	814	VICTORY	VICTORY	783	VICTORY	siger	67	seger	55	c	0	1	0
Epps-2021-844-815	815	VILLAGE	VILLAGE	930	VILLAGE	by	328	by	86	c	0	1	0
Epps-2021-844-816	816	WIND	WIND	960	WIND	vind	92	vind	75	c	0	1	0
Epps-2021-844-817	817	WINDOW	WINDOW 1 // WINDOW 2	1375	WINDOW	vindauge	71	vindöga	0	c	0	0	0
Epps-2021-844-818	818	WINE	WINE	1524	WINE	vin	23	vin	22	l	0	1	0
Epps-2021-844-819	819	WING	WING	1257	WING	ving	0	vinge	15	c	0	0	0
Epps-2021-844-820	820	WINTER	WINTER	1471	WINTER	vinter	217	vinter	83	c	0	1	1
Epps-2021-844-821	821	WISDOM	WISDOM			visdom		visdom		c	0	1	1
Epps-2021-844-822	822	WITCH	WITCH 1 // WITCH 2	824	WITCH	heks	6	häxa	1	l	0	0	0
Epps-2021-844-823	823	WITNESS	WITNESS	1144	WITNESS	vitne	24	vittne	49	c	1	0	0
Epps-2021-844-824	824	VOICE	VOICE	1363	VOICE	røyst	163	röst	114	c	0	0	1
Epps-2021-844-825	825	WOLF	WOLF	522	WOLF	varg	1	varg	11	c	1	0	0
Epps-2021-844-826	826	WOMAN'S DRESS	WOMAN'S DRESS	474	DRESS	kledning	2	klänning	30	l	0	0	0
Epps-2021-844-827	827	WOMB	WOMB	804	WOMB	livmor	2	livmoder	0	c	0	0	0
Epps-2021-844-828	828	WOOD OR FIREWOOD	WOOD OR FIREWOOD	10	FIREWOOD	ved	22	ved	3	c	0	1	0
Epps-2021-844-829	829	WOODS OR FOREST	WOODS OR FOREST	420	FOREST	skog	146	skog	92	c	0	1	0
Epps-2021-844-830	830	WOODWORK	WOODWORK			vyrke	4	virke	5	c	0	0	0
Epps-2021-844-831	831	WOOL	WOOL 1 // WOOL 2 // WOOL 3	964	WOOL	to	0	to	0	c	0	1	0
Epps-2021-844-832	832	WORD	WORD	1599	WORD	ord	565	ord	492	c	0	0	1
Epps-2021-844-833	833	WORK	WORK 1 // WORK 2 // WORK 3	984	WORK (LABOUR)			andtime	0	c	0	1	1
Epps-2021-844-834	834	WORKSHOP	WORKSHOP	1677	WORKSHOP	verkstad	51	verkstad	49	l	0	0	0
Epps-2021-844-835	835	WORLD	WORLD	965	WORLD	verd	413	värld	570	l	0	1	0
Epps-2021-844-836	836	WORM	WORM	1219	WORM	makk	7	mask	12	c	1	1	0
Epps-2021-844-837	837	WOUND OR SORE	WOUND OR SORE	1109	WOUND	sår	23	sår	9	c	0	0	0
Epps-2021-844-838	838	WRIST	WRIST	799	WRIST	handled	7	handled	4	c	0	0	0
Epps-2021-844-839	839	VULTURE	VULTURE 1 // VULTURE 2	1185	VULTURE			gam	1	c	1	0	0
Epps-2021-844-840	840	YARD OR COURT	YARD OR COURT 1 // YARD OR COURT 2	736	YARD	gard	310	gård	79	c	0	0	0
Epps-2021-844-841	841	YEAR	YEAR	1226	YEAR	år	2293	år	2819	c	0	1	1
Epps-2021-844-842	842	YOKE	YOKE 1 // YOKE 2 // YOKE 3	14	YOKE	børetre	0				0	0	0
Epps-2021-844-843	843	YOLK	YOLK	1556	YOLK	eggegule		äggula	3	c	0	0	0
Epps-2021-844-844	844	YOUTH	YOUTH			ungdom		ungdom		c	0	1	1
