ID	NUMBER	GERMAN	GLOSS	CATEGORY	SUBCATEGORY	CONCEPTICON_ID	CONCEPTICON_GLOSS
Gabelentz-1892-1074-1	1	Ich	I	I. Pronomina	A. Pronomina personalia	1209	I
Gabelentz-1892-1074-2	2	Du	you	I. Pronomina	A. Pronomina personalia	1215	THOU
Gabelentz-1892-1074-3	3	Er, sie, es	he, she, it	I. Pronomina	A. Pronomina personalia	262	HE OR SHE OR IT
Gabelentz-1892-1074-4	4	Wir zwei, ich und du	we two, I and you	I. Pronomina	A. Pronomina personalia	2637	WE TWO (INCLUSIVE)
Gabelentz-1892-1074-5	5	Wir zwei, ich und er	we two, I and he	I. Pronomina	A. Pronomina personalia	2636	WE TWO (EXCLUSIVE)
Gabelentz-1892-1074-6	6	Wir drei, ich und ihr	we three, I and you	I. Pronomina	A. Pronomina personalia		
Gabelentz-1892-1074-7	7	Wir drei, ich und sie	we three, I and they	I. Pronomina	A. Pronomina personalia		
Gabelentz-1892-1074-8	8	Wir (ich und ihr)	we (I and you)	I. Pronomina	A. Pronomina personalia	1131	WE (INCLUSIVE)
Gabelentz-1892-1074-9	9	Wir (ich und sie)	we (I and they)	I. Pronomina	A. Pronomina personalia	1130	WE (EXCLUSIVE)
Gabelentz-1892-1074-10	10	Ihr zwei	you two	I. Pronomina	A. Pronomina personalia	2111	YOU TWO
Gabelentz-1892-1074-11	11	Ihr drei	you three	I. Pronomina	A. Pronomina personalia		
Gabelentz-1892-1074-12	12	Ihr (mehreren)	you (many)	I. Pronomina	A. Pronomina personalia	1213	YOU
Gabelentz-1892-1074-13	13	Sie zwei	they two	I. Pronomina	A. Pronomina personalia	2635	THEY TWO
Gabelentz-1892-1074-14	14	Sie drei	they three	I. Pronomina	A. Pronomina personalia		
Gabelentz-1892-1074-15	15	Sie (mehreren)	they (many)	I. Pronomina	A. Pronomina personalia	817	THEY
Gabelentz-1892-1074-16	16	Dieser	this	I. Pronomina	B. Pronomina demonstrativa, reflexiva, indefinita	1214	THIS
Gabelentz-1892-1074-17	17	Jener	that	I. Pronomina	B. Pronomina demonstrativa, reflexiva, indefinita	78	THAT
Gabelentz-1892-1074-18	18	Selbst	self, own	I. Pronomina	B. Pronomina demonstrativa, reflexiva, indefinita	1993	SELF
Gabelentz-1892-1074-19	19	Andere	others	I. Pronomina	C. Pronomina possessiva	197	OTHER
Gabelentz-1892-1074-20	20	Mein	my, mine	I. Pronomina	C. Pronomina possessiva	2090	MY
Gabelentz-1892-1074-21	21	Dein	your, yours	I. Pronomina	C. Pronomina possessiva	732	YOUR (SINGULAR)
Gabelentz-1892-1074-22	22	Sein, ihr (sing.)	his, her, hers	I. Pronomina	C. Pronomina possessiva	2092	HIS OR HER
Gabelentz-1892-1074-23	23	Unser beider	our, ours (of two people)	I. Pronomina	C. Pronomina possessiva		
Gabelentz-1892-1074-24	24	Unser (mehrerer)	our, ours (of more than two people)	I. Pronomina	C. Pronomina possessiva	780	OUR
Gabelentz-1892-1074-25	25	Euer beider	your, yours (of two people)	I. Pronomina	C. Pronomina possessiva		
Gabelentz-1892-1074-26	26	Euer (mehrerer)	your, yours (of more than two people)	I. Pronomina	C. Pronomina possessiva	2274	YOUR (PLURAL)
Gabelentz-1892-1074-27	27	Ihr beider	their, theirs (of two people)	I. Pronomina	C. Pronomina possessiva		
Gabelentz-1892-1074-28	28	Ihr (mehrerer)	their, theirs (of more than two people)	I. Pronomina	C. Pronomina possessiva	2400	THEIR
Gabelentz-1892-1074-29	29	Welcher?	which?	I. Pronomina	D. Fragewörter	727	WHICH
Gabelentz-1892-1074-30	30	Wer?	who?	I. Pronomina	D. Fragewörter	1235	WHO
Gabelentz-1892-1074-31	31	Was?	what?	I. Pronomina	D. Fragewörter	1236	WHAT
Gabelentz-1892-1074-32	32	Wie?	how?	I. Pronomina	D. Fragewörter	1239	HOW
Gabelentz-1892-1074-33	33	Warum?	why?	I. Pronomina	D. Fragewörter	1270	WHY
Gabelentz-1892-1074-34	34	Wozu?	what for?	I. Pronomina	D. Fragewörter		
Gabelentz-1892-1074-35	35	Wo?	where?	I. Pronomina	D. Fragewörter	1237	WHERE
Gabelentz-1892-1074-36	36	von wo? woher?	where from?	I. Pronomina	D. Fragewörter		
Gabelentz-1892-1074-37	37	wohin?	where to?	I. Pronomina	D. Fragewörter	2928	WHITHER (WHERE TO)
Gabelentz-1892-1074-38	38	Wann?	when?	I. Pronomina	D. Fragewörter	1238	WHEN
Gabelentz-1892-1074-39	39	seit wann?	since when?	I. Pronomina	D. Fragewörter		
Gabelentz-1892-1074-40	40	bis wann?	until when?	I. Pronomina	D. Fragewörter		
Gabelentz-1892-1074-41	41	1	one	II. Zahlwörter		1493	ONE
Gabelentz-1892-1074-42	42	der erste	first	II. Zahlwörter		728	FIRST
Gabelentz-1892-1074-43	43	allein	alone	II. Zahlwörter		1964	ALONE
Gabelentz-1892-1074-44	44	einzeln	unique, single	II. Zahlwörter			
Gabelentz-1892-1074-45	45	2	two	II. Zahlwörter		1498	TWO
Gabelentz-1892-1074-46	46	der zweite	second	II. Zahlwörter		1384	SECOND
Gabelentz-1892-1074-47	47	zu zweit	as a pair	II. Zahlwörter			
Gabelentz-1892-1074-48	48	beide	both	II. Zahlwörter			
Gabelentz-1892-1074-49	49	3	three	II. Zahlwörter		492	THREE
Gabelentz-1892-1074-50	50	der dritte	third	II. Zahlwörter		1859	THIRD
Gabelentz-1892-1074-51	51	selbdritt	in a group of three	II. Zahlwörter			
Gabelentz-1892-1074-52	52	4	four	II. Zahlwörter		1500	FOUR
Gabelentz-1892-1074-53	53	der vierte	fourth	II. Zahlwörter			
Gabelentz-1892-1074-54	54	5	five	II. Zahlwörter		493	FIVE
Gabelentz-1892-1074-55	55	der fünfte	fifth	II. Zahlwörter			
Gabelentz-1892-1074-56	56	6	six	II. Zahlwörter		1703	SIX
Gabelentz-1892-1074-57	57	der sechste	sixth	II. Zahlwörter			
Gabelentz-1892-1074-58	58	7	seven	II. Zahlwörter		1704	SEVEN
Gabelentz-1892-1074-59	59	der siebente	seventh	II. Zahlwörter			
Gabelentz-1892-1074-60	60	8	eight	II. Zahlwörter		1705	EIGHT
Gabelentz-1892-1074-61	61	der achte	eighth	II. Zahlwörter			
Gabelentz-1892-1074-62	62	9	nine	II. Zahlwörter		1483	NINE
Gabelentz-1892-1074-63	63	der neunte	ninth	II. Zahlwörter			
Gabelentz-1892-1074-64	64	10	ten	II. Zahlwörter		1515	TEN
Gabelentz-1892-1074-65	65	der zehnte	tenth	II. Zahlwörter			
Gabelentz-1892-1074-66	66	11	eleven	II. Zahlwörter		1706	ELEVEN
Gabelentz-1892-1074-67	67	der eilfte	eleventh	II. Zahlwörter			
Gabelentz-1892-1074-68	68	12	twelve	II. Zahlwörter		1707	TWELVE
Gabelentz-1892-1074-69	69	der zwölfte	twelfth	II. Zahlwörter			
Gabelentz-1892-1074-70	70	13	thirteen	II. Zahlwörter		1708	THIRTEEN
Gabelentz-1892-1074-71	71	der dreizehnte	thirteenth	II. Zahlwörter			
Gabelentz-1892-1074-72	72	14	fourteen	II. Zahlwörter		2451	FOURTEEN
Gabelentz-1892-1074-73	73	der vierzehnte	fourteenth	II. Zahlwörter			
Gabelentz-1892-1074-74	74	20	twenty	II. Zahlwörter		1710	TWENTY
Gabelentz-1892-1074-75	75	der zwanzigste	twentieth	II. Zahlwörter			
Gabelentz-1892-1074-76	76	21	twenty-one	II. Zahlwörter		1734	TWENTY ONE
Gabelentz-1892-1074-77	77	22	twenty-two	II. Zahlwörter		3166	TWENTY TWO
Gabelentz-1892-1074-78	78	23	twenty-three	II. Zahlwörter		3165	TWENTY THREE
Gabelentz-1892-1074-79	79	24	twenty-four	II. Zahlwörter		1736	TWENTY FOUR
Gabelentz-1892-1074-80	80	25	twenty-five	II. Zahlwörter		1738	TWENTY FIVE
Gabelentz-1892-1074-81	81	26	twenty-six	II. Zahlwörter		3476	TWENTY SIX
Gabelentz-1892-1074-82	82	27	twenty-seven	II. Zahlwörter		3477	TWENTY SEVEN
Gabelentz-1892-1074-83	83	28	twenty-eight	II. Zahlwörter		3478	TWENTY EIGHT
Gabelentz-1892-1074-84	84	29	twenty-nine	II. Zahlwörter		3479	TWENTY NINE
Gabelentz-1892-1074-85	85	30	thirty	II. Zahlwörter		1715	THIRTY
Gabelentz-1892-1074-86	86	31	thirty-one	II. Zahlwörter		3480	THIRTY ONE
Gabelentz-1892-1074-87	87	40	forty 	II. Zahlwörter		1716	FORTY
Gabelentz-1892-1074-88	88	50	fifty	II. Zahlwörter		1717	FIFTY
Gabelentz-1892-1074-89	89	60	sixty	II. Zahlwörter		1718	SIXTY
Gabelentz-1892-1074-90	90	70	seventy	II. Zahlwörter		1721	SEVENTY
Gabelentz-1892-1074-91	91	80	eighty	II. Zahlwörter		1722	EIGHTY
Gabelentz-1892-1074-92	92	90	ninety	II. Zahlwörter		1724	NINETY
Gabelentz-1892-1074-93	93	99	ninety-nine	II. Zahlwörter		3501	NINETY NINE
Gabelentz-1892-1074-94	94	100	one hundred	II. Zahlwörter		1634	HUNDRED
Gabelentz-1892-1074-95	95	101	one hundred one	II. Zahlwörter		3502	ONE HUNDRED AND ONE
Gabelentz-1892-1074-96	96	110	one hundred ten	II. Zahlwörter		3503	ONE HUNDRED AND TEN
Gabelentz-1892-1074-97	97	120	one hundred twenty	II. Zahlwörter		3504	ONE HUNDRED AND TWENTY
Gabelentz-1892-1074-98	98	200	two hundred	II. Zahlwörter		2676	TWO HUNDRED
Gabelentz-1892-1074-99	99	1000	one thousand	II. Zahlwörter		1843	THOUSAND
Gabelentz-1892-1074-100	100	2000	two thousand	II. Zahlwörter		3524	TWO THOUSAND
Gabelentz-1892-1074-101	101	10000	ten thousand	II. Zahlwörter		2078	TEN THOUSAND
Gabelentz-1892-1074-102	102	100000	one hundred thousand	II. Zahlwörter		3532	ONE HUNDRED THOUSAND
Gabelentz-1892-1074-103	103	Einige	some	II. Zahlwörter		1241	SOME
Gabelentz-1892-1074-104	104	Alle	all	II. Zahlwörter		98	ALL
Gabelentz-1892-1074-105	105	Wie viele?	how many?	II. Zahlwörter		822	HOW MANY
Gabelentz-1892-1074-106	106	Viele	many	II. Zahlwörter		1198	MANY
Gabelentz-1892-1074-107	107	Wenige	few	II. Zahlwörter		1242	FEW
Gabelentz-1892-1074-108	108	Halb	half of	II. Zahlwörter		816	HALF
Gabelentz-1892-1074-109	109	Etwas	something, a little	II. Zahlwörter		2924	A LITTLE
Gabelentz-1892-1074-110	110	Gott 	God	III. Substantiva	A. Gott, Himmel	1944	GOD
Gabelentz-1892-1074-111	111	Himmel	sky, heaven	III. Substantiva	A. Gott, Himmel	1732	SKY
Gabelentz-1892-1074-112	112	Welt	world	III. Substantiva	A. Gott, Himmel	965	WORLD
Gabelentz-1892-1074-113	113	Licht	light	III. Substantiva	A. Gott, Himmel	630	LIGHT (RADIATION)
Gabelentz-1892-1074-114	114	Sonne	sun	III. Substantiva	A. Gott, Himmel	1343	SUN
Gabelentz-1892-1074-115	115	Mond	moon	III. Substantiva	A. Gott, Himmel	1313	MOON
Gabelentz-1892-1074-116	116	Vollmond	full moon	III. Substantiva	A. Gott, Himmel	3690	FULL MOON
Gabelentz-1892-1074-117	117	zunehmender Mond	waxing moon	III. Substantiva	A. Gott, Himmel	3816	WAXING MOON
Gabelentz-1892-1074-118	118	abnehmender Mond	waning moon	III. Substantiva	A. Gott, Himmel	3817	WANING MOON
Gabelentz-1892-1074-119	119	Neumond	new moon	III. Substantiva	A. Gott, Himmel	3691	NEW MOON
Gabelentz-1892-1074-120	120	Stern	star	III. Substantiva	A. Gott, Himmel	1430	STAR
Gabelentz-1892-1074-121	121	Nord	North	III. Substantiva	B. Himmelsgegenden	1598	NORTH
Gabelentz-1892-1074-122	122	Süd	South	III. Substantiva	B. Himmelsgegenden	1595	SOUTH
Gabelentz-1892-1074-123	123	Ost	East	III. Substantiva	B. Himmelsgegenden	1877	EAST
Gabelentz-1892-1074-124	124	West	West	III. Substantiva	B. Himmelsgegenden	1817	WEST
Gabelentz-1892-1074-125	125	Nordost	Northeast	III. Substantiva	B. Himmelsgegenden		
Gabelentz-1892-1074-126	126	Nordwest	Northwest	III. Substantiva	B. Himmelsgegenden		
Gabelentz-1892-1074-127	127	Südost	Southeast	III. Substantiva	B. Himmelsgegenden		
Gabelentz-1892-1074-128	128	Südwest	Southwest	III. Substantiva	B. Himmelsgegenden		
Gabelentz-1892-1074-129	129	Zeit	time	III. Substantiva	C. Zeit	892	TIME
Gabelentz-1892-1074-130	130	Tag	day	III. Substantiva	C. Zeit	1225	DAY (NOT NIGHT)
Gabelentz-1892-1074-131	131	Morgen	morning	III. Substantiva	C. Zeit	1339	MORNING
Gabelentz-1892-1074-132	132	Mittag	noon	III. Substantiva	C. Zeit	12	MIDDAY
Gabelentz-1892-1074-133	133	Abend	evening	III. Substantiva	C. Zeit	1629	EVENING
Gabelentz-1892-1074-134	134	Nacht	night	III. Substantiva	C. Zeit	1233	NIGHT
Gabelentz-1892-1074-135	135	Fest	celebration	III. Substantiva	C. Zeit	131	FESTIVAL
Gabelentz-1892-1074-136	136	Sommer	summer	III. Substantiva	C. Zeit	1342	SUMMER
Gabelentz-1892-1074-137	137	Jahr	year	III. Substantiva	C. Zeit	1226	YEAR
Gabelentz-1892-1074-138	138	Krieg	war	III. Substantiva	C. Zeit	935	WAR
Gabelentz-1892-1074-139	139	Frieden	peace	III. Substantiva	C. Zeit	1338	PEACE
Gabelentz-1892-1074-140	140	Ebbe	ebb tide	III. Substantiva	C. Zeit		
Gabelentz-1892-1074-141	141	Fluth	flow tide	III. Substantiva	C. Zeit		
Gabelentz-1892-1074-142	142	Wind	wind	III. Substantiva	D. Wetter	960	WIND
Gabelentz-1892-1074-143	143	Sturm	storm	III. Substantiva	D. Wetter	858	STORM
Gabelentz-1892-1074-144	144	Windstille	still air, calm	III. Substantiva	D. Wetter		
Gabelentz-1892-1074-145	145	Erdbeben	earthquake	III. Substantiva	D. Wetter	6	EARTHQUAKE
Gabelentz-1892-1074-146	146	Donner	thunder	III. Substantiva	D. Wetter	1150	THUNDER
Gabelentz-1892-1074-147	147	Blitz	lightning	III. Substantiva	D. Wetter	1654	LIGHTNING
Gabelentz-1892-1074-148	148	Wolke	cloud	III. Substantiva	D. Wetter	1489	CLOUD
Gabelentz-1892-1074-149	149	Nebel	fog, mist	III. Substantiva	D. Wetter	249	FOG
Gabelentz-1892-1074-150	150	Thau	dew	III. Substantiva	D. Wetter	1977	DEW
Gabelentz-1892-1074-151	151	Regen	rain	III. Substantiva	D. Wetter	658	RAIN (PRECIPITATION)
Gabelentz-1892-1074-152	152	Überschwemmung	flooding	III. Substantiva	D. Wetter		
Gabelentz-1892-1074-153	153	Erde	earth, soil	III. Substantiva	E. Erde	1228	EARTH (SOIL)
Gabelentz-1892-1074-154	154	Land	land	III. Substantiva	E. Erde	626	LAND
Gabelentz-1892-1074-155	155	Feld	field	III. Substantiva	E. Erde	212	FIELD
Gabelentz-1892-1074-156	156	Garten	garden	III. Substantiva	E. Erde	586	GARDEN
Gabelentz-1892-1074-157	157	Ebene	plain	III. Substantiva	E. Erde	652	PLAIN
Gabelentz-1892-1074-158	158	Ort	place, village, town	III. Substantiva	E. Erde		
Gabelentz-1892-1074-159	159	Weg	path, way	III. Substantiva	E. Erde	2252	PATH
Gabelentz-1892-1074-160	160	Grenze	border	III. Substantiva	E. Erde	2546	BORDER
Gabelentz-1892-1074-161	161	Rand	edge	III. Substantiva	E. Erde	863	EDGE
Gabelentz-1892-1074-162	162	Berg	mountain	III. Substantiva	E. Erde	639	MOUNTAIN
Gabelentz-1892-1074-163	163	Wald	forest	III. Substantiva	E. Erde	420	FOREST
Gabelentz-1892-1074-164	164	Wildniss	wilderness, the wild	III. Substantiva	E. Erde		
Gabelentz-1892-1074-165	165	Grasland	grasslands	III. Substantiva	E. Erde	2819	GRASSLAND
Gabelentz-1892-1074-166	166	Gestrüpp, Dickicht	undergrowth	III. Substantiva	E. Erde		
Gabelentz-1892-1074-167	167	Grab	grave	III. Substantiva	E. Erde	1773	GRAVE
Gabelentz-1892-1074-168	168	Loch	hole	III. Substantiva	E. Erde	1667	HOLE
Gabelentz-1892-1074-169	169	Höhle	cave, cavern	III. Substantiva	E. Erde	1155	CAVE
Gabelentz-1892-1074-170	170	Insel	island	III. Substantiva	E. Erde	622	ISLAND
Gabelentz-1892-1074-171	171	Strand	beach	III. Substantiva	E. Erde	3460	BEACH
Gabelentz-1892-1074-172	172	Stein	stone	III. Substantiva	F. Stein, Metall	857	STONE
Gabelentz-1892-1074-173	173	Felsen	rock, boulder	III. Substantiva	F. Stein, Metall	668	ROCK
Gabelentz-1892-1074-174	174	Staub	dust	III. Substantiva	F. Stein, Metall	2	DUST
Gabelentz-1892-1074-175	175	Sand	sand	III. Substantiva	F. Stein, Metall	671	SAND
Gabelentz-1892-1074-176	176	Eisen	iron	III. Substantiva	F. Stein, Metall	621	IRON
Gabelentz-1892-1074-177	177	Gold	gold	III. Substantiva	F. Stein, Metall	1369	GOLD
Gabelentz-1892-1074-178	178	Silber	silver	III. Substantiva	F. Stein, Metall	759	SILVER
Gabelentz-1892-1074-179	179	Kupfer	copper	III. Substantiva	F. Stein, Metall	1825	COPPER
Gabelentz-1892-1074-180	180	Erz, Metall	ore, metal	III. Substantiva	F. Stein, Metall		
Gabelentz-1892-1074-181	181	Schwefel	brimstone	III. Substantiva	F. Stein, Metall	3386	SULPHUR
Gabelentz-1892-1074-182	182	Feuer	fire	III. Substantiva	G. Feuer	221	FIRE
Gabelentz-1892-1074-183	183	Flamme	flame	III. Substantiva	G. Feuer	889	FLAME
Gabelentz-1892-1074-184	184	Funken	spark	III. Substantiva	G. Feuer	518	SPARK
Gabelentz-1892-1074-185	185	Rauch	smoke	III. Substantiva	G. Feuer	778	SMOKE (EXHAUST)
Gabelentz-1892-1074-186	186	Asche	ash	III. Substantiva	G. Feuer	646	ASH
Gabelentz-1892-1074-187	187	Wasser	water	III. Substantiva	H. Wasser	948	WATER
Gabelentz-1892-1074-188	188	Meer	sea	III. Substantiva	H. Wasser	1474	SEA
Gabelentz-1892-1074-189	189	Binnensee	lake	III. Substantiva	H. Wasser	624	LAKE
Gabelentz-1892-1074-190	190	Fluss	river	III. Substantiva	H. Wasser	666	RIVER
Gabelentz-1892-1074-191	191	Bach	stream	III. Substantiva	H. Wasser		
Gabelentz-1892-1074-192	192	Brunnen	well	III. Substantiva	H. Wasser	954	WELL
Gabelentz-1892-1074-193	193	Quelle	water spring	III. Substantiva	H. Wasser	849	SPRING (OF WATER)
Gabelentz-1892-1074-194	194	Sumpf	swamp, marsh, bog	III. Substantiva	H. Wasser	3688	MARSH
Gabelentz-1892-1074-195	195	Welle	wave	III. Substantiva	H. Wasser	978	WAVE
Gabelentz-1892-1074-196	196	Hafen	harbor	III. Substantiva	H. Wasser	610	PORT
Gabelentz-1892-1074-197	197	Bucht	bay	III. Substantiva	H. Wasser	663	BAY
Gabelentz-1892-1074-198	198	Pflanze	plant	III. Substantiva	J. Pflanzen	653	PLANT (VEGETATION)
Gabelentz-1892-1074-199	199	Holz	wood	III. Substantiva	J. Pflanzen	1803	WOOD
Gabelentz-1892-1074-200	200	Baum	tree	III. Substantiva	J. Pflanzen	906	TREE
Gabelentz-1892-1074-201	201	Strauch	bush, shrub	III. Substantiva	J. Pflanzen	1683	BUSH
Gabelentz-1892-1074-202	202	Blume, Blüthe	flower, blossom	III. Substantiva	J. Pflanzen	239	FLOWER
Gabelentz-1892-1074-203	203	Knospe	bud	III. Substantiva	J. Pflanzen	1684	BUD
Gabelentz-1892-1074-204	204	Blatt	leaf	III. Substantiva	J. Pflanzen	628	LEAF
Gabelentz-1892-1074-205	205	Kraut	herb	III. Substantiva	J. Pflanzen	2542	HERB
Gabelentz-1892-1074-206	206	Frucht	fruit	III. Substantiva	J. Pflanzen	1507	FRUIT
Gabelentz-1892-1074-207	207	Hülse	husk	III. Substantiva	J. Pflanzen	2363	CHAFF (HUSK)
Gabelentz-1892-1074-208	208	Schale	shell, rind, husk	III. Substantiva	J. Pflanzen	2373	SKIN (OF FRUIT)
Gabelentz-1892-1074-209	209	Kern	stone of fruit	III. Substantiva	J. Pflanzen	1762	STONE (OF FRUIT)
Gabelentz-1892-1074-210	210	Ähre	corn ear	III. Substantiva	J. Pflanzen	3244	EAR (OF GRAIN)
Gabelentz-1892-1074-211	211	Ast	branch	III. Substantiva	J. Pflanzen	1531	BRANCH
Gabelentz-1892-1074-212	212	Zweig	twig	III. Substantiva	J. Pflanzen	3222	TWIG
Gabelentz-1892-1074-213	213	Spross	sprout, shoot	III. Substantiva	J. Pflanzen	3358	SPROUT (SHOOT)
Gabelentz-1892-1074-214	214	Schössling	seedling	III. Substantiva	J. Pflanzen	3050	SEEDLING
Gabelentz-1892-1074-215	215	Wurzel	root	III. Substantiva	J. Pflanzen	670	ROOT
Gabelentz-1892-1074-216	216	Wurzelknollen	root tuber	III. Substantiva	J. Pflanzen		
Gabelentz-1892-1074-217	217	Zwiebel	bulb	III. Substantiva	J. Pflanzen	2617	BULB
Gabelentz-1892-1074-218	218	Dorn	thorn	III. Substantiva	J. Pflanzen	124	THORN
Gabelentz-1892-1074-219	219	Samen	seed	III. Substantiva	J. Pflanzen	714	SEED
Gabelentz-1892-1074-220	220	Rinde	rind, bark	III. Substantiva	J. Pflanzen	1204	BARK
Gabelentz-1892-1074-221	221	Bast	bast	III. Substantiva	J. Pflanzen		
Gabelentz-1892-1074-222	222	Saft	sap	III. Substantiva	J. Pflanzen	345	SAP
Gabelentz-1892-1074-223	223	Harz	resin	III. Substantiva	J. Pflanzen		
Gabelentz-1892-1074-224	224	Bambu	bamboo	III. Substantiva	J. Pflanzen	1927	BAMBOO
Gabelentz-1892-1074-225	225	Betel	betel (vine)	III. Substantiva	J. Pflanzen	177	BETEL PEPPER VINE
Gabelentz-1892-1074-226	226	Banane	banana	III. Substantiva	J. Pflanzen	868	BANANA
Gabelentz-1892-1074-227	227	Brodfrucht	breadfruit	III. Substantiva	J. Pflanzen	2371	BREADFRUIT
Gabelentz-1892-1074-228	228	Cocosnuss	coconut	III. Substantiva	J. Pflanzen	970	COCONUT
Gabelentz-1892-1074-229	229	Cocosnussschale	coconut shell	III. Substantiva	J. Pflanzen		
Gabelentz-1892-1074-230	230	Cocosnussmilch	coconut milk	III. Substantiva	J. Pflanzen		
Gabelentz-1892-1074-231	231	Feige	fig	III. Substantiva	J. Pflanzen	322	FIG
Gabelentz-1892-1074-232	232	Gras	grass	III. Substantiva	J. Pflanzen	606	GRASS
Gabelentz-1892-1074-233	233	Heu	hay	III. Substantiva	J. Pflanzen	342	HAY
Gabelentz-1892-1074-234	234	Kartoffeln	potatoes	III. Substantiva	J. Pflanzen	593	POTATO
Gabelentz-1892-1074-235	235	Kürbis	pumpkin	III. Substantiva	J. Pflanzen	864	PUMPKIN
Gabelentz-1892-1074-236	236	Mais	corn, maize	III. Substantiva	J. Pflanzen	506	MAIZE
Gabelentz-1892-1074-237	237	Mandel	almond	III. Substantiva	J. Pflanzen	3815	ALMOND
Gabelentz-1892-1074-238	238	Massoi-Rinde	rind of massoia, cryptocarya	III. Substantiva	J. Pflanzen		
Gabelentz-1892-1074-239	239	Muskatnuss	nutmeg	III. Substantiva	J. Pflanzen		
Gabelentz-1892-1074-240	240	Pfeffer	pepper	III. Substantiva	J. Pflanzen	1385	PEPPER
Gabelentz-1892-1074-241	241	Rohr	cane	III. Substantiva	J. Pflanzen		
Gabelentz-1892-1074-242	242	Schilf	reed	III. Substantiva	J. Pflanzen	659	REED
Gabelentz-1892-1074-243	243	Sago	sago	III. Substantiva	J. Pflanzen	2270	SAGO
Gabelentz-1892-1074-244	244	Zuckerrohr	sugar cane	III. Substantiva	J. Pflanzen	146	SUGAR CANE
Gabelentz-1892-1074-245	245	Thier	animal	III. Substantiva	K. Thier, Säugethiere	619	ANIMAL
Gabelentz-1892-1074-246	246	Heerde	flock, herd	III. Substantiva	K. Thier, Säugethiere	2939	FLOCK (OF ANIMALS)
Gabelentz-1892-1074-247	247	Schwein	pig	III. Substantiva	K. Thier, Säugethiere	1337	PIG
Gabelentz-1892-1074-248	248	Hund	dog	III. Substantiva	K. Thier, Säugethiere	2009	DOG
Gabelentz-1892-1074-249	249	Maus	mouse	III. Substantiva	K. Thier, Säugethiere	1491	MOUSE
Gabelentz-1892-1074-250	250	Ratte	rat	III. Substantiva	K. Thier, Säugethiere	1490	RAT
Gabelentz-1892-1074-251	251	Fledermaus	bat	III. Substantiva	K. Thier, Säugethiere	1793	BAT
Gabelentz-1892-1074-252	252	Vogel	bird	III. Substantiva	L. Vögel	937	BIRD
Gabelentz-1892-1074-253	253	Flügel	wing	III. Substantiva	L. Vögel	1257	WING
Gabelentz-1892-1074-254	254	Feder	feather	III. Substantiva	L. Vögel	1201	FEATHER
Gabelentz-1892-1074-255	255	Ei	egg	III. Substantiva	L. Vögel	744	EGG
Gabelentz-1892-1074-256	256	Nest	nest	III. Substantiva	L. Vögel	3549	BIRD NEST
Gabelentz-1892-1074-257	257	Huhn	chicken	III. Substantiva	L. Vögel	1318	CHICKEN
Gabelentz-1892-1074-258	258	Hahn	cock	III. Substantiva	L. Vögel	1511	ROOSTER
Gabelentz-1892-1074-259	259	Küchlein	chick, hatchling	III. Substantiva	L. Vögel	2512	CHICK
Gabelentz-1892-1074-260	260	Papagei	parrot	III. Substantiva	L. Vögel	882	PARROT
Gabelentz-1892-1074-261	261	Taube	dove	III. Substantiva	L. Vögel	1853	DOVE
Gabelentz-1892-1074-262	262	Adler	eagle	III. Substantiva	L. Vögel	1905	EAGLE
Gabelentz-1892-1074-263	263	Schlange	snake	III. Substantiva	M. Reptilien, Amphibien, Fische	730	SNAKE
Gabelentz-1892-1074-264	264	Krokodil	crocodile	III. Substantiva	M. Reptilien, Amphibien, Fische	1857	CROCODILE
Gabelentz-1892-1074-265	265	Eidechse	lizard	III. Substantiva	M. Reptilien, Amphibien, Fische	632	LIZARD
Gabelentz-1892-1074-266	266	Frosch	frog	III. Substantiva	M. Reptilien, Amphibien, Fische	503	FROG
Gabelentz-1892-1074-267	267	Kröte	toad	III. Substantiva	M. Reptilien, Amphibien, Fische	894	TOAD
Gabelentz-1892-1074-268	268	Schildkröte	turtle, tortoise	III. Substantiva	M. Reptilien, Amphibien, Fische		
Gabelentz-1892-1074-269	269	Fisch	fish	III. Substantiva	M. Reptilien, Amphibien, Fische	227	FISH
Gabelentz-1892-1074-270	270	Haifisch	shark	III. Substantiva	M. Reptilien, Amphibien, Fische	1110	SHARK
Gabelentz-1892-1074-271	271	Aal	eel	III. Substantiva	M. Reptilien, Amphibien, Fische	1013	FRESHWATER EEL
Gabelentz-1892-1074-272	272	Schuppe	scale	III. Substantiva	M. Reptilien, Amphibien, Fische	266	SCALE
Gabelentz-1892-1074-273	273	Flosse	fin	III. Substantiva	M. Reptilien, Amphibien, Fische	213	FIN
Gabelentz-1892-1074-274	274	Fischschwanz	fishtail	III. Substantiva	M. Reptilien, Amphibien, Fische		
Gabelentz-1892-1074-275	275	Fischblase	swim bladder	III. Substantiva	M. Reptilien, Amphibien, Fische		
Gabelentz-1892-1074-276	276	Gräte	fishbone	III. Substantiva	M. Reptilien, Amphibien, Fische	3799	FISHBONE
Gabelentz-1892-1074-277	277	Insekt	insect	III. Substantiva	N. Insekten u.s.w.	620	INSECT
Gabelentz-1892-1074-278	278	Fliege	fly	III. Substantiva	N. Insekten u.s.w.	1504	FLY (INSECT)
Gabelentz-1892-1074-279	279	Bremse	horsefly	III. Substantiva	N. Insekten u.s.w.	3262	HORSEFLY
Gabelentz-1892-1074-280	280	Mücke	mosquito, gnat	III. Substantiva	N. Insekten u.s.w.	1509	MOSQUITO
Gabelentz-1892-1074-281	281	Biene	bee	III. Substantiva	N. Insekten u.s.w.	665	BEE
Gabelentz-1892-1074-282	282	Hornisse	hornet	III. Substantiva	N. Insekten u.s.w.	3261	HORNET
Gabelentz-1892-1074-283	283	Wespe	wasp	III. Substantiva	N. Insekten u.s.w.	1517	WASP
Gabelentz-1892-1074-284	284	Schmetterling	butterfly	III. Substantiva	N. Insekten u.s.w.	1791	BUTTERFLY
Gabelentz-1892-1074-285	285	Motte	moth	III. Substantiva	N. Insekten u.s.w.	2828	MOTH
Gabelentz-1892-1074-286	286	Spinne	spider	III. Substantiva	N. Insekten u.s.w.	843	SPIDER
Gabelentz-1892-1074-287	287	Ameise	ant	III. Substantiva	N. Insekten u.s.w.	587	ANT
Gabelentz-1892-1074-288	288	Heuschrecke	locust	III. Substantiva	N. Insekten u.s.w.	810	LOCUST
Gabelentz-1892-1074-289	289	Käfer	beetle	III. Substantiva	N. Insekten u.s.w.	2242	BEETLE
Gabelentz-1892-1074-290	290	Laus	louse	III. Substantiva	N. Insekten u.s.w.	1392	LOUSE
Gabelentz-1892-1074-291	291	Nisse	nit	III. Substantiva	N. Insekten u.s.w.	267	NIT
Gabelentz-1892-1074-292	292	Floh	flea	III. Substantiva	N. Insekten u.s.w.	232	FLEA
Gabelentz-1892-1074-293	293	Wanze	bed bug	III. Substantiva	N. Insekten u.s.w.	1949	BEDBUG
Gabelentz-1892-1074-294	294	Tausendfuss	centipede	III. Substantiva	N. Insekten u.s.w.	1974	CENTIPEDE
Gabelentz-1892-1074-295	295	Wurm	worm	III. Substantiva	N. Insekten u.s.w.	1219	WORM
Gabelentz-1892-1074-296	296	Krebs	cancer	III. Substantiva	N. Insekten u.s.w.	2348	CRAB
Gabelentz-1892-1074-297	297	Skorpion	scorpion	III. Substantiva	N. Insekten u.s.w.	1538	SCORPION
Gabelentz-1892-1074-298	298	Korallen	corals	III. Substantiva	N. Insekten u.s.w.	3179	CORAL ROCK
Gabelentz-1892-1074-299	299	Muschel	seashell	III. Substantiva	N. Insekten u.s.w.	2785	BIVALVIA (MUSSELS OR OYSTERS)
Gabelentz-1892-1074-300	300	Schnecke	snail	III. Substantiva	N. Insekten u.s.w.	1543	SNAIL
Gabelentz-1892-1074-301	301	Perlenmuschel	seashell that produces pearls	III. Substantiva	N. Insekten u.s.w.		
Gabelentz-1892-1074-302	302	Perle	pearl	III. Substantiva	N. Insekten u.s.w.	3325	PEARL
Gabelentz-1892-1074-303	303	Mensch	human	III. Substantiva	O. Mensch	683	PERSON
Gabelentz-1892-1074-304	304	Mann	man	III. Substantiva	O. Mensch	1554	MAN
Gabelentz-1892-1074-305	305	Gatte	husband	III. Substantiva	O. Mensch	1200	HUSBAND
Gabelentz-1892-1074-306	306	Volk	people	III. Substantiva	O. Mensch	789	PEOPLE
Gabelentz-1892-1074-307	307	Geschlecht, Familie	family	III. Substantiva	O. Mensch	194	FAMILY
Gabelentz-1892-1074-308	308	Verwandten	relatives	III. Substantiva	O. Mensch	1644	RELATIVES
Gabelentz-1892-1074-309	309	Vorfahr	ancestor	III. Substantiva	O. Mensch	1669	ANCESTORS
Gabelentz-1892-1074-310	310	Vater	father	III. Substantiva	O. Mensch	1217	FATHER
Gabelentz-1892-1074-311	311	Schwiegervater	father-in-law	III. Substantiva	O. Mensch	1055	FATHER-IN-LAW
Gabelentz-1892-1074-312	312	Greis	old man	III. Substantiva	O. Mensch	406	OLD MAN
Gabelentz-1892-1074-313	313	Mutter	mother	III. Substantiva	O. Mensch	1216	MOTHER
Gabelentz-1892-1074-314	314	Schwiegermutter	mother-in-law	III. Substantiva	O. Mensch	1050	MOTHER-IN-LAW
Gabelentz-1892-1074-315	315	Kind	child	III. Substantiva	O. Mensch	1801	CHILD (DESCENDANT)
Gabelentz-1892-1074-316	316	Sohn	son	III. Substantiva	O. Mensch	1620	SON
Gabelentz-1892-1074-317	317	Schwiegersohn	son-in-law	III. Substantiva	O. Mensch	1056	SON-IN-LAW
Gabelentz-1892-1074-318	318	Enkel	grandson	III. Substantiva	O. Mensch	1618	GRANDSON
Gabelentz-1892-1074-319	319	Knabe	boy	III. Substantiva	O. Mensch	1366	BOY
Gabelentz-1892-1074-320	320	Jüngling	young man	III. Substantiva	O. Mensch	76	YOUNG MAN
Gabelentz-1892-1074-321	321	Bruder	brother	III. Substantiva	O. Mensch	1262	BROTHER
Gabelentz-1892-1074-322	322	älterer Bruder	older brother	III. Substantiva	O. Mensch	1759	OLDER BROTHER
Gabelentz-1892-1074-323	323	jüngerer Bruder	younger brother	III. Substantiva	O. Mensch	1760	YOUNGER BROTHER
Gabelentz-1892-1074-324	324	Schwager	brother-in-law	III. Substantiva	O. Mensch	2314	BROTHER-IN-LAW
Gabelentz-1892-1074-325	325	Schwester	sister	III. Substantiva	O. Mensch	1263	SISTER
Gabelentz-1892-1074-326	326	ältere Schwester	older sister	III. Substantiva	O. Mensch	1758	OLDER SISTER
Gabelentz-1892-1074-327	327	jüngere Schwester	younger sister	III. Substantiva	O. Mensch	1761	YOUNGER SISTER
Gabelentz-1892-1074-328	328	Schwägerin	sister-in-law	III. Substantiva	O. Mensch	2317	SISTER-IN-LAW
Gabelentz-1892-1074-329	329	Weib	woman	III. Substantiva	O. Mensch	962	WOMAN
Gabelentz-1892-1074-330	330	Gattin	wife	III. Substantiva	O. Mensch	1199	WIFE
Gabelentz-1892-1074-331	331	Mädchen	girl	III. Substantiva	O. Mensch	1646	GIRL
Gabelentz-1892-1074-332	332	Tochter	daughter	III. Substantiva	O. Mensch	1357	DAUGHTER
Gabelentz-1892-1074-333	333	Schwiegertochter	daughter-in-law	III. Substantiva	O. Mensch	1057	DAUGHTER-IN-LAW
Gabelentz-1892-1074-334	334	Enkelin	granddaughter	III. Substantiva	O. Mensch	1619	GRANDDAUGHTER
Gabelentz-1892-1074-335	335	Witwe	widow	III. Substantiva	O. Mensch	1756	WIDOW
Gabelentz-1892-1074-336	336	Oheim	uncle	III. Substantiva	O. Mensch	1327	UNCLE
Gabelentz-1892-1074-337	337	Tante	aunt	III. Substantiva	O. Mensch	1272	AUNT
Gabelentz-1892-1074-338	338	Neffe	nephew	III. Substantiva	O. Mensch	1063	NEPHEW
Gabelentz-1892-1074-339	339	Nichte	niece	III. Substantiva	O. Mensch	1642	NIECE
Gabelentz-1892-1074-340	340	Bräutigam	bridegroom	III. Substantiva	O. Mensch	3282	GROOM
Gabelentz-1892-1074-341	341	Braut	bride	III. Substantiva	O. Mensch	1266	BRIDE
Gabelentz-1892-1074-342	342	Herr	lord	III. Substantiva	O. Mensch	3153	LORD
Gabelentz-1892-1074-343	343	Herrin	lady	III. Substantiva	O. Mensch	2471	LADY
Gabelentz-1892-1074-344	344	Sklave	slave (male)	III. Substantiva	O. Mensch	812	SLAVE
Gabelentz-1892-1074-345	345	Miethknecht	daytaller	III. Substantiva	O. Mensch		
Gabelentz-1892-1074-346	346	Sklavin	slave (female)	III. Substantiva	O. Mensch	812	SLAVE
Gabelentz-1892-1074-347	347	Magd	maid	III. Substantiva	O. Mensch		
Gabelentz-1892-1074-348	348	Kebsweib	mistress, second wife	III. Substantiva	O. Mensch	3636	CO-WIFE
Gabelentz-1892-1074-349	349	Hure	whore	III. Substantiva	O. Mensch	1610	PROSTITUTE
Gabelentz-1892-1074-350	350	Häuptling	chieftain	III. Substantiva	O. Mensch	301	CHIEFTAIN
Gabelentz-1892-1074-351	351	Freund	friend	III. Substantiva	O. Mensch	1325	FRIEND
Gabelentz-1892-1074-352	352	Gast	guest	III. Substantiva	O. Mensch	1782	GUEST
Gabelentz-1892-1074-353	353	Feind	enemy, fiend	III. Substantiva	O. Mensch	1358	ENEMY
Gabelentz-1892-1074-354	354	Krieger	warrior	III. Substantiva	O. Mensch	3608	WARRIOR
Gabelentz-1892-1074-355	355	Schimpfwörter	curse words, swear words	III. Substantiva	O. Mensch		
Gabelentz-1892-1074-356	356	Kopf	head	III. Substantiva	P. Kopf	1256	HEAD
Gabelentz-1892-1074-357	357	Hinterkopf	back of head	III. Substantiva	P. Kopf	523	BACK OF HEAD
Gabelentz-1892-1074-358	358	Scheitel	crown of head, parting	III. Substantiva	P. Kopf		
Gabelentz-1892-1074-359	359	Schläfen	temples	III. Substantiva	P. Kopf	1604	TEMPLES
Gabelentz-1892-1074-360	360	Schädel	skull	III. Substantiva	P. Kopf	1605	SKULL
Gabelentz-1892-1074-361	361	Antlitz	face	III. Substantiva	P. Kopf	1560	FACE
Gabelentz-1892-1074-362	362	Haar	hair	III. Substantiva	P. Kopf	1040	HAIR
Gabelentz-1892-1074-363	363	Auge	eye	III. Substantiva	P. Kopf	1248	EYE
Gabelentz-1892-1074-364	364	Augapfel	apple of the eye	III. Substantiva	P. Kopf	3807	EYEBALL
Gabelentz-1892-1074-365	365	Augenstern	pupil	III. Substantiva	P. Kopf	1658	PUPIL
Gabelentz-1892-1074-366	366	Augenbrauen	eyebrows	III. Substantiva	P. Kopf	1173	EYEBROW
Gabelentz-1892-1074-367	367	Wimpern	eyelash	III. Substantiva	P. Kopf	1540	EYELASH
Gabelentz-1892-1074-368	368	Stirn	forehead	III. Substantiva	P. Kopf	123	FOREHEAD
Gabelentz-1892-1074-369	369	Mund	mouth	III. Substantiva	P. Kopf	674	MOUTH
Gabelentz-1892-1074-370	370	Lippen	lips	III. Substantiva	P. Kopf	478	LIP
Gabelentz-1892-1074-371	371	Oberlippe	upper lip	III. Substantiva	P. Kopf		
Gabelentz-1892-1074-372	372	Unterlippe	lower lip	III. Substantiva	P. Kopf		
Gabelentz-1892-1074-373	373	Kinn	chin	III. Substantiva	P. Kopf	1510	CHIN
Gabelentz-1892-1074-374	374	Bart	beard	III. Substantiva	P. Kopf	678	BEARD
Gabelentz-1892-1074-375	375	pubes	pubic hair	III. Substantiva	P. Kopf	36	PUBIC HAIR
Gabelentz-1892-1074-376	376	Locke	curl	III. Substantiva	P. Kopf		
Gabelentz-1892-1074-377	377	Zunge	tongue	III. Substantiva	P. Kopf	1205	TONGUE
Gabelentz-1892-1074-378	378	Zähne	teeth	III. Substantiva	P. Kopf	1380	TOOTH
Gabelentz-1892-1074-379	379	Schneidezähne	front teeth	III. Substantiva	P. Kopf	442	FRONT TOOTH (INCISOR)
Gabelentz-1892-1074-380	380	Augenzähne	canine teeth	III. Substantiva	P. Kopf		
Gabelentz-1892-1074-381	381	Backzähne	molar teeth	III. Substantiva	P. Kopf	1049	MOLAR TOOTH
Gabelentz-1892-1074-382	382	Wangen	cheeks	III. Substantiva	P. Kopf	1730	CHEEK
Gabelentz-1892-1074-383	383	Nase	nose	III. Substantiva	P. Kopf	1221	NOSE
Gabelentz-1892-1074-384	384	Nasenloch	nostril	III. Substantiva	P. Kopf	1178	NOSTRIL
Gabelentz-1892-1074-385	385	Nasenspitze	tip of nose	III. Substantiva	P. Kopf		
Gabelentz-1892-1074-386	386	Nasenwurzel	bridge of nose	III. Substantiva	P. Kopf		
Gabelentz-1892-1074-387	387	Ohr	ear	III. Substantiva	P. Kopf	1247	EAR
Gabelentz-1892-1074-388	388	Ohrmuschel	outer ear, auricle	III. Substantiva	P. Kopf		
Gabelentz-1892-1074-389	389	Gehörgang	inner ear, auditory canal	III. Substantiva	P. Kopf		
Gabelentz-1892-1074-390	390	Ohrläppchen	earlobe	III. Substantiva	P. Kopf	18	EARLOBE
Gabelentz-1892-1074-391	391	Hals	neck	III. Substantiva	Q. Hals, Rumpf u.s.w.	1333	NECK
Gabelentz-1892-1074-392	392	Kehle	throat	III. Substantiva	Q. Hals, Rumpf u.s.w.	1346	THROAT
Gabelentz-1892-1074-393	393	Nacken	back of neck, nape	III. Substantiva	Q. Hals, Rumpf u.s.w.	1347	NAPE (OF NECK)
Gabelentz-1892-1074-394	394	Adamsapfel	adam’s apple	III. Substantiva	Q. Hals, Rumpf u.s.w.	802	ADAM'S APPLE
Gabelentz-1892-1074-395	395	Körper	body	III. Substantiva	Q. Hals, Rumpf u.s.w.	1480	BODY
Gabelentz-1892-1074-396	396	Rumpf	torso	III. Substantiva	Q. Hals, Rumpf u.s.w.	2667	TORSO
Gabelentz-1892-1074-397	397	Leichnam	dead body	III. Substantiva	Q. Hals, Rumpf u.s.w.	767	CORPSE
Gabelentz-1892-1074-398	398	Brust	chest	III. Substantiva	Q. Hals, Rumpf u.s.w.	1592	CHEST
Gabelentz-1892-1074-399	399	weibl. Brüste	breasts	III. Substantiva	Q. Hals, Rumpf u.s.w.	1402	BREAST
Gabelentz-1892-1074-400	400	Euter	udder	III. Substantiva	Q. Hals, Rumpf u.s.w.	154	UDDER
Gabelentz-1892-1074-401	401	Zitze	teat	III. Substantiva	Q. Hals, Rumpf u.s.w.	796	NIPPLE
Gabelentz-1892-1074-402	402	Bauch	belly	III. Substantiva	Q. Hals, Rumpf u.s.w.	1251	BELLY
Gabelentz-1892-1074-403	403	Nabel	navel, belly button	III. Substantiva	Q. Hals, Rumpf u.s.w.	1838	NAVEL
Gabelentz-1892-1074-404	404	Nabelstrang	umbilical cord	III. Substantiva	Q. Hals, Rumpf u.s.w.	2663	UMBILICAL CORD
Gabelentz-1892-1074-405	405	Seite	side of body	III. Substantiva	Q. Hals, Rumpf u.s.w.		
Gabelentz-1892-1074-406	406	Schulter	shoulder	III. Substantiva	Q. Hals, Rumpf u.s.w.	1482	SHOULDER
Gabelentz-1892-1074-407	407	Achselhöhle	armpit	III. Substantiva	Q. Hals, Rumpf u.s.w.	1886	ARMPIT
Gabelentz-1892-1074-408	408	Rücken	back	III. Substantiva	Q. Hals, Rumpf u.s.w.	1291	BACK
Gabelentz-1892-1074-409	409	Gesäss	buttocks	III. Substantiva	Q. Hals, Rumpf u.s.w.	834	BUTTOCKS
Gabelentz-1892-1074-410	410	Hinterbacken	butt cheeks	III. Substantiva	Q. Hals, Rumpf u.s.w.		
Gabelentz-1892-1074-411	411	After (Loch)	anus	III. Substantiva	Q. Hals, Rumpf u.s.w.	1935	ANUS
Gabelentz-1892-1074-412	412	Schwanz	tail	III. Substantiva	Q. Hals, Rumpf u.s.w.	1220	TAIL
Gabelentz-1892-1074-413	413	Penis	penis	III. Substantiva	Q. Hals, Rumpf u.s.w.	1222	PENIS
Gabelentz-1892-1074-414	414	Harnröhre	urethra	III. Substantiva	Q. Hals, Rumpf u.s.w.		
Gabelentz-1892-1074-415	415	glans	glans (of the penis)	III. Substantiva	Q. Hals, Rumpf u.s.w.		
Gabelentz-1892-1074-416	416	Hoden	testicles	III. Substantiva	Q. Hals, Rumpf u.s.w.	797	TESTICLES
Gabelentz-1892-1074-417	417	Hodensack	scrotum	III. Substantiva	Q. Hals, Rumpf u.s.w.	2834	SCROTUM
Gabelentz-1892-1074-418	418	Weibliche Scham	vulva	III. Substantiva	Q. Hals, Rumpf u.s.w.	1837	VULVA
Gabelentz-1892-1074-419	419	Schamlippen	labia	III. Substantiva	Q. Hals, Rumpf u.s.w.		
Gabelentz-1892-1074-420	420	Mutterscheide	vagina	III. Substantiva	Q. Hals, Rumpf u.s.w.	1836	VAGINA
Gabelentz-1892-1074-421	421	clitoris	clitoris	III. Substantiva	Q. Hals, Rumpf u.s.w.	3257	CLITORIS
Gabelentz-1892-1074-422	422	mons veneris	mons pubis, pubic mound	III. Substantiva	Q. Hals, Rumpf u.s.w.		
Gabelentz-1892-1074-423	423	Schamleiste	groin	III. Substantiva	Q. Hals, Rumpf u.s.w.		
Gabelentz-1892-1074-424	424	Arm	arm	III. Substantiva	R. Extremitäten	1673	ARM
Gabelentz-1892-1074-425	425	Oberarm	upper arm	III. Substantiva	R. Extremitäten	431	UPPER ARM
Gabelentz-1892-1074-426	426	Unterarm	lower arm	III. Substantiva	R. Extremitäten	446	LOWER ARM
Gabelentz-1892-1074-427	427	Armröhre	humerus, upper arm bone	III. Substantiva	R. Extremitäten		
Gabelentz-1892-1074-428	428	Ellenbogen	elbow	III. Substantiva	R. Extremitäten	981	ELBOW
Gabelentz-1892-1074-429	429	Hand	hand	III. Substantiva	R. Extremitäten	1277	HAND
Gabelentz-1892-1074-430	430	Rücken der Hand	back of hand	III. Substantiva	R. Extremitäten		
Gabelentz-1892-1074-431	431	Handfläche	palm of hand	III. Substantiva	R. Extremitäten	1183	PALM OF HAND
Gabelentz-1892-1074-432	432	Handgelenk	wrist	III. Substantiva	R. Extremitäten	799	WRIST
Gabelentz-1892-1074-433	433	Faust	fist	III. Substantiva	R. Extremitäten	1473	FIST
Gabelentz-1892-1074-434	434	Finger	finger	III. Substantiva	R. Extremitäten	1303	FINGER
Gabelentz-1892-1074-435	435	Daumen	thumb	III. Substantiva	R. Extremitäten	1781	THUMB
Gabelentz-1892-1074-436	436	Zehen	toes	III. Substantiva	R. Extremitäten	1389	TOE
Gabelentz-1892-1074-437	437	Nägel an Fingern und Zehen	fingernails or toenails	III. Substantiva	R. Extremitäten	1896	FINGERNAIL OR TOENAIL
Gabelentz-1892-1074-438	438	Klauen	claws	III. Substantiva	R. Extremitäten	72	CLAW
Gabelentz-1892-1074-439	439	Huf	hoof	III. Substantiva	R. Extremitäten	152	HOOF
Gabelentz-1892-1074-440	440	Bein	leg	III. Substantiva	R. Extremitäten	1297	LEG
Gabelentz-1892-1074-441	441	Fuss	foot	III. Substantiva	R. Extremitäten	1301	FOOT
Gabelentz-1892-1074-442	442	Spanne	instep, bridge of foot	III. Substantiva	R. Extremitäten	3736	INSTEP
Gabelentz-1892-1074-443	443	Sohle	sole of foot	III. Substantiva	R. Extremitäten	2666	SOLE (FOOT)
Gabelentz-1892-1074-444	444	Knöchel	ankle	III. Substantiva	R. Extremitäten	803	ANKLE
Gabelentz-1892-1074-445	445	Hüfte	hip	III. Substantiva	R. Extremitäten	1745	HIP
Gabelentz-1892-1074-446	446	Oberschenkel	thigh, upper leg	III. Substantiva	R. Extremitäten	471	UPPER LEG (THIGH)
Gabelentz-1892-1074-447	447	Unterschenkel	lower leg	III. Substantiva	R. Extremitäten	447	LOWER LEG
Gabelentz-1892-1074-448	448	Schienbein	shin	III. Substantiva	R. Extremitäten	186	SHIN
Gabelentz-1892-1074-449	449	Knie	knee	III. Substantiva	R. Extremitäten	1371	KNEE
Gabelentz-1892-1074-450	450	Kniescheibe	kneecap	III. Substantiva	R. Extremitäten		
Gabelentz-1892-1074-451	451	Kniekehle	kneepit, popliteal fossa	III. Substantiva	R. Extremitäten		
Gabelentz-1892-1074-452	452	Waden	calves	III. Substantiva	R. Extremitäten	498	CALF OF LEG
Gabelentz-1892-1074-453	453	Ferse, Hacke	heel	III. Substantiva	R. Extremitäten	980	HEEL
Gabelentz-1892-1074-454	454	Haut	skin	III. Substantiva	S. Sonstige Körpertheile, Ausscheidungen	763	SKIN
Gabelentz-1892-1074-455	455	Fell (behaart)	fur	III. Substantiva	S. Sonstige Körpertheile, Ausscheidungen	580	FUR
Gabelentz-1892-1074-456	456	Knochen	bones	III. Substantiva	S. Sonstige Körpertheile, Ausscheidungen	1394	BONE
Gabelentz-1892-1074-457	457	Rippe	rib	III. Substantiva	S. Sonstige Körpertheile, Ausscheidungen	801	RIB
Gabelentz-1892-1074-458	458	Schlüsselbein	collarbone	III. Substantiva	S. Sonstige Körpertheile, Ausscheidungen	1994	COLLARBONE
Gabelentz-1892-1074-459	459	Fleisch	flesh	III. Substantiva	S. Sonstige Körpertheile, Ausscheidungen	2615	FLESH OR MEAT
Gabelentz-1892-1074-460	460	Sehne	sinew, tendon	III. Substantiva	S. Sonstige Körpertheile, Ausscheidungen	1137	TENDON
Gabelentz-1892-1074-461	461	Ader	vein, blood vessel	III. Substantiva	S. Sonstige Körpertheile, Ausscheidungen	525	BLOOD VESSEL
Gabelentz-1892-1074-462	462	Puls	pulse	III. Substantiva	S. Sonstige Körpertheile, Ausscheidungen	3267	PULSE
Gabelentz-1892-1074-463	463	Herz	heart	III. Substantiva	S. Sonstige Körpertheile, Ausscheidungen	1223	HEART
Gabelentz-1892-1074-464	464	Leber	liver	III. Substantiva	S. Sonstige Körpertheile, Ausscheidungen	1224	LIVER
Gabelentz-1892-1074-465	465	Niere	kidney	III. Substantiva	S. Sonstige Körpertheile, Ausscheidungen	489	KIDNEY
Gabelentz-1892-1074-466	466	Milz	spleen	III. Substantiva	S. Sonstige Körpertheile, Ausscheidungen	1744	SPLEEN
Gabelentz-1892-1074-467	467	Lunge	lungs	III. Substantiva	S. Sonstige Körpertheile, Ausscheidungen	688	LUNG
Gabelentz-1892-1074-468	468	Magen	stomach	III. Substantiva	S. Sonstige Körpertheile, Ausscheidungen	819	STOMACH
Gabelentz-1892-1074-469	469	Harnblase	urinary bladder	III. Substantiva	S. Sonstige Körpertheile, Ausscheidungen	1746	BLADDER
Gabelentz-1892-1074-470	470	Darm	gut, intestine	III. Substantiva	S. Sonstige Körpertheile, Ausscheidungen	1991	INTESTINES
Gabelentz-1892-1074-471	471	Blut	blood	III. Substantiva	S. Sonstige Körpertheile, Ausscheidungen	946	BLOOD
Gabelentz-1892-1074-472	472	Milch	milk	III. Substantiva	S. Sonstige Körpertheile, Ausscheidungen	635	MILK
Gabelentz-1892-1074-473	473	Schweiss	sweat	III. Substantiva	S. Sonstige Körpertheile, Ausscheidungen	125	SWEAT (SUBSTANCE)
Gabelentz-1892-1074-474	474	Koth	faeces	III. Substantiva	S. Sonstige Körpertheile, Ausscheidungen	675	FAECES (EXCREMENT)
Gabelentz-1892-1074-475	475	Harn	urine	III. Substantiva	S. Sonstige Körpertheile, Ausscheidungen	1142	URINE
Gabelentz-1892-1074-476	476	Thräne	tear	III. Substantiva	S. Sonstige Körpertheile, Ausscheidungen	1651	TEAR (OF EYE)
Gabelentz-1892-1074-477	477	Geschwür	ulcer	III. Substantiva	S. Sonstige Körpertheile, Ausscheidungen	1189	ULCER
Gabelentz-1892-1074-478	478	Eiter	pus	III. Substantiva	S. Sonstige Körpertheile, Ausscheidungen	1808	PUS
Gabelentz-1892-1074-479	479	Aussatz	leprosy	III. Substantiva	S. Sonstige Körpertheile, Ausscheidungen	3624	LEPROSY
Gabelentz-1892-1074-480	480	Wunde	wound	III. Substantiva	S. Sonstige Körpertheile, Ausscheidungen	1109	WOUND
Gabelentz-1892-1074-481	481	Fieber	fever	III. Substantiva	S. Sonstige Körpertheile, Ausscheidungen	1534	FEVER
Gabelentz-1892-1074-482	482	Geist	soul, spirit	III. Substantiva	S. Sonstige Körpertheile, Ausscheidungen		
Gabelentz-1892-1074-483	483	Schatten	shadow	III. Substantiva	S. Sonstige Körpertheile, Ausscheidungen	1388	SHADE
Gabelentz-1892-1074-484	484	Name	name	III. Substantiva	S. Sonstige Körpertheile, Ausscheidungen	1405	NAME
Gabelentz-1892-1074-485	485	Stimme	voice	III. Substantiva	S. Sonstige Körpertheile, Ausscheidungen	1363	VOICE
Gabelentz-1892-1074-486	486	Wort	word	III. Substantiva	S. Sonstige Körpertheile, Ausscheidungen	1599	WORD
Gabelentz-1892-1074-487	487	Dorf	village	III. Substantiva	T. Wohnung	930	VILLAGE
Gabelentz-1892-1074-488	488	Dach	roof	III. Substantiva	T. Wohnung	769	ROOF
Gabelentz-1892-1074-489	489	Haus	house	III. Substantiva	T. Wohnung	1252	HOUSE
Gabelentz-1892-1074-490	490	Treppe	stairs	III. Substantiva	T. Wohnung	34	STAIRS
Gabelentz-1892-1074-491	491	Thür	door	III. Substantiva	T. Wohnung	1567	DOOR
Gabelentz-1892-1074-492	492	Fenster	window	III. Substantiva	T. Wohnung	1375	WINDOW
Gabelentz-1892-1074-493	493	Zimmer	room	III. Substantiva	T. Wohnung	1450	ROOM
Gabelentz-1892-1074-494	494	Herd	hearth	III. Substantiva	T. Wohnung	185	FIREPLACE
Gabelentz-1892-1074-495	495	Wand	wall of building	III. Substantiva	T. Wohnung	933	WALL (OF HOUSE)
Gabelentz-1892-1074-496	496	Matte	mat	III. Substantiva	T. Wohnung	195	MAT
Gabelentz-1892-1074-497	497	Bett	bed	III. Substantiva	T. Wohnung	1663	BED
Gabelentz-1892-1074-498	498	Kissen	pillow	III. Substantiva	T. Wohnung	1044	PILLOW
Gabelentz-1892-1074-499	499	Bank	bench	III. Substantiva	T. Wohnung	2584	BENCH
Gabelentz-1892-1074-500	500	Schirm	partition, folding screen	III. Substantiva	T. Wohnung		
Gabelentz-1892-1074-501	501	Zaun	fence	III. Substantiva	T. Wohnung	1690	FENCE
Gabelentz-1892-1074-502	502	Wall	rampart	III. Substantiva	T. Wohnung		
Gabelentz-1892-1074-503	503	Mauer	wall	III. Substantiva	T. Wohnung		
Gabelentz-1892-1074-504	504	Riegel	latch, bolt	III. Substantiva	T. Wohnung	1012	LATCH
Gabelentz-1892-1074-505	505	Brett	board, plank	III. Substantiva	T. Wohnung	1227	BOARD
Gabelentz-1892-1074-506	506	Nagel, Pflock	spike, stake, post	III. Substantiva	T. Wohnung		
Gabelentz-1892-1074-507	507	Schiff	boat, ship	III. Substantiva	U. Schiff	740	SHIP
Gabelentz-1892-1074-508	508	Mast	mast	III. Substantiva	U. Schiff	184	MAST
Gabelentz-1892-1074-509	509	Ruder	oar	III. Substantiva	U. Schiff	3137	OAR
Gabelentz-1892-1074-510	510	Segel	sail	III. Substantiva	U. Schiff	786	SAILCLOTH
Gabelentz-1892-1074-511	511	Anker	anchor	III. Substantiva	U. Schiff	1870	ANCHOR
Gabelentz-1892-1074-512	512	Waffe	weapon	III. Substantiva	V. Waffen und Geräthe	951	WEAPONS
Gabelentz-1892-1074-513	513	Stock	cane, stick	III. Substantiva	V. Waffen und Geräthe	1295	STICK
Gabelentz-1892-1074-514	514	Bogen	bow	III. Substantiva	V. Waffen und Geräthe	994	BOW
Gabelentz-1892-1074-515	515	Speer	spear	III. Substantiva	V. Waffen und Geräthe	945	SPEAR
Gabelentz-1892-1074-516	516	Pfeil	arrow	III. Substantiva	V. Waffen und Geräthe	977	ARROW
Gabelentz-1892-1074-517	517	Köcher	quiver	III. Substantiva	V. Waffen und Geräthe	995	QUIVER (FOR ARROWS)
Gabelentz-1892-1074-518	518	Schild	shield	III. Substantiva	V. Waffen und Geräthe	1064	SHIELD
Gabelentz-1892-1074-519	519	Angelhaken	fish hook	III. Substantiva	V. Waffen und Geräthe	1074	FISHHOOK
Gabelentz-1892-1074-520	520	Angelschnur	fishing line	III. Substantiva	V. Waffen und Geräthe	19	FISHING LINE
Gabelentz-1892-1074-521	521	Keule	club	III. Substantiva	V. Waffen und Geräthe	1763	CLUB
Gabelentz-1892-1074-522	522	Hammer	hammer	III. Substantiva	V. Waffen und Geräthe	1481	HAMMER
Gabelentz-1892-1074-523	523	Hacke	hoe	III. Substantiva	V. Waffen und Geräthe	284	HOE
Gabelentz-1892-1074-524	524	Messer	knife	III. Substantiva	V. Waffen und Geräthe	1352	KNIFE
Gabelentz-1892-1074-525	525	Beil	axe	III. Substantiva	V. Waffen und Geräthe	677	AXE
Gabelentz-1892-1074-526	526	Bohrer	drill	III. Substantiva	V. Waffen und Geräthe	3423	DRILL
Gabelentz-1892-1074-527	527	Feile	file	III. Substantiva	V. Waffen und Geräthe	3407	FILE (TOOL)
Gabelentz-1892-1074-528	528	Kamm	comb	III. Substantiva	V. Waffen und Geräthe	1475	COMB
Gabelentz-1892-1074-529	529	Gabel	fork	III. Substantiva	V. Waffen und Geräthe	1302	FORK
Gabelentz-1892-1074-530	530	Schaufel	shovel, spade	III. Substantiva	V. Waffen und Geräthe	1901	SHOVEL
Gabelentz-1892-1074-531	531	Besen	broom	III. Substantiva	V. Waffen und Geräthe	245	BROOM
Gabelentz-1892-1074-532	532	Spiegel	mirror	III. Substantiva	V. Waffen und Geräthe	1171	MIRROR
Gabelentz-1892-1074-533	533	Leuchte, Fackel	torch	III. Substantiva	V. Waffen und Geräthe	1919	TORCH
Gabelentz-1892-1074-534	534	Musikinstrument	musical instrument	III. Substantiva	V. Waffen und Geräthe		
Gabelentz-1892-1074-535	535	Trommel	drum	III. Substantiva	V. Waffen und Geräthe	908	DRUM
Gabelentz-1892-1074-536	536	Gefäss	vessel, container	III. Substantiva	W. Gefässe		
Gabelentz-1892-1074-537	537	Topf	pot	III. Substantiva	W. Gefässe	1462	POT
Gabelentz-1892-1074-538	538	Schüssel	bowl	III. Substantiva	W. Gefässe	1530	BOWL
Gabelentz-1892-1074-539	539	Teller	plate	III. Substantiva	W. Gefässe	480	PLATE
Gabelentz-1892-1074-540	540	Becher	beaker	III. Substantiva	W. Gefässe	476	CUP
Gabelentz-1892-1074-541	541	Löffel	spoon	III. Substantiva	W. Gefässe	1378	SPOON
Gabelentz-1892-1074-542	542	Kasten	box	III. Substantiva	W. Gefässe	1465	BOX
Gabelentz-1892-1074-543	543	Korb	basket	III. Substantiva	W. Gefässe	1539	BASKET
Gabelentz-1892-1074-544	544	Netz	net	III. Substantiva	W. Gefässe	2963	NET
Gabelentz-1892-1074-545	545	Kleid	dress	III. Substantiva	X. Kleidung, Schmuck	474	DRESS
Gabelentz-1892-1074-546	546	Hut	hat	III. Substantiva	X. Kleidung, Schmuck	771	HAT
Gabelentz-1892-1074-547	547	Gewebe	fabric, textile	III. Substantiva	X. Kleidung, Schmuck		
Gabelentz-1892-1074-548	548	Gürtel	belt, girdle	III. Substantiva	X. Kleidung, Schmuck	772	BELT
Gabelentz-1892-1074-549	549	Band	ribbon, strap	III. Substantiva	X. Kleidung, Schmuck	2969	RIBBON
Gabelentz-1892-1074-550	550	Schnur	string	III. Substantiva	X. Kleidung, Schmuck	362	STRING
Gabelentz-1892-1074-551	551	Schürze	apron	III. Substantiva	X. Kleidung, Schmuck	2046	APRON
Gabelentz-1892-1074-552	552	Halsband	collar	III. Substantiva	X. Kleidung, Schmuck	2012	COLLAR
Gabelentz-1892-1074-553	553	Armband	bracelet, wristband	III. Substantiva	X. Kleidung, Schmuck	1754	BRACELET
Gabelentz-1892-1074-554	554	Schmuck	adornments, jewellery	III. Substantiva	X. Kleidung, Schmuck		
Gabelentz-1892-1074-555	555	Kette	necklace	III. Substantiva	X. Kleidung, Schmuck	1961	NECKLACE
Gabelentz-1892-1074-556	556	Ring	ring	III. Substantiva	X. Kleidung, Schmuck	1374	RING
Gabelentz-1892-1074-557	557	Ohrring	earring	III. Substantiva	X. Kleidung, Schmuck	770	EARRING
Gabelentz-1892-1074-558	558	Fächer	fan	III. Substantiva	X. Kleidung, Schmuck	1971	FAN (OBJECT)
Gabelentz-1892-1074-559	559	Sack	bag	III. Substantiva	X. Kleidung, Schmuck	2990	SACK
Gabelentz-1892-1074-560	560	Saum	seam	III. Substantiva	X. Kleidung, Schmuck		
Gabelentz-1892-1074-561	561	Speise	dish	III. Substantiva	Y. Nahrung	481	DISH
Gabelentz-1892-1074-562	562	Mahlzeit	meal	III. Substantiva	Y. Nahrung	1526	MEAL
Gabelentz-1892-1074-563	563	Frühstück	breakfast	III. Substantiva	Y. Nahrung	1322	BREAKFAST
Gabelentz-1892-1074-564	564	Brod	bread	III. Substantiva	Y. Nahrung	1368	BREAD
Gabelentz-1892-1074-565	565	Salz	salt	III. Substantiva	Y. Nahrung	1274	SALT
Gabelentz-1892-1074-566	566	Öl	oil	III. Substantiva	Y. Nahrung	1484	OIL (ORGANIC SUBSTANCE)
Gabelentz-1892-1074-567	567	Salbe	ointment	III. Substantiva	Y. Nahrung	1926	OINTMENT
Gabelentz-1892-1074-568	568	Arznei	medicine	III. Substantiva	Y. Nahrung	1372	MEDICINE
Gabelentz-1892-1074-569	569	Tabak	tobacco	III. Substantiva	Y. Nahrung	974	TOBACCO
Gabelentz-1892-1074-570	570	Gemüse	vegetables	III. Substantiva	Y. Nahrung	924	VEGETABLES
Gabelentz-1892-1074-571	571	Ding	thing	III. Substantiva	Z. Allgemeines	738	THING
Gabelentz-1892-1074-572	572	Stück	piece	III. Substantiva	Z. Allgemeines	594	PIECE
Gabelentz-1892-1074-573	573	Theil	piece, part, fraction, portion	III. Substantiva	Z. Allgemeines	779	PART
Gabelentz-1892-1074-574	574	Geschäft	shop	III. Substantiva	Z. Allgemeines	746	SHOP
Gabelentz-1892-1074-575	575	Markt	market	III. Substantiva	Z. Allgemeines	633	MARKET
Gabelentz-1892-1074-576	576	Maass	(old German volume measurement unit)	III. Substantiva	Z. Allgemeines		
Gabelentz-1892-1074-577	577	Klafter	fathom (old unit of measurement)	III. Substantiva	Z. Allgemeines	81	FATHOM
Gabelentz-1892-1074-578	578	Kreuz	cross	III. Substantiva	Z. Allgemeines	1367	CROSS
Gabelentz-1892-1074-579	579	Gross	big, tall	IV. Adjectiva	A. Gross u.s.w.	1202	BIG
Gabelentz-1892-1074-580	580	Hoch	high	IV. Adjectiva	A. Gross u.s.w.	711	TALL
Gabelentz-1892-1074-581	581	Lang	long	IV. Adjectiva	A. Gross u.s.w.	1203	LONG
Gabelentz-1892-1074-582	582	Stark	strong	IV. Adjectiva	A. Gross u.s.w.	785	STRONG
Gabelentz-1892-1074-583	583	Mächtig	powerful, mighty	IV. Adjectiva	A. Gross u.s.w.	3188	MIGHTY OR POWERFUL OR STRONG
Gabelentz-1892-1074-584	584	Fett	fat	IV. Adjectiva	A. Gross u.s.w.	1279	FAT (OBESE)
Gabelentz-1892-1074-585	585	Breit	broad	IV. Adjectiva	A. Gross u.s.w.	2531	BROAD
Gabelentz-1892-1074-586	586	Weit, geräumig	wide	IV. Adjectiva	A. Gross u.s.w.	1243	WIDE
Gabelentz-1892-1074-587	587	Tief	deep	IV. Adjectiva	A. Gross u.s.w.	1593	DEEP
Gabelentz-1892-1074-588	588	Alt	old	IV. Adjectiva	A. Gross u.s.w.	1229	OLD
Gabelentz-1892-1074-589	589	Schwer	heavy	IV. Adjectiva	A. Gross u.s.w.	1210	HEAVY
Gabelentz-1892-1074-590	590	Klein	small	IV. Adjectiva	B. Klein u.s.w.	1246	SMALL
Gabelentz-1892-1074-591	591	Schmal	narrow	IV. Adjectiva	B. Klein u.s.w.	1267	NARROW
Gabelentz-1892-1074-592	592	Niedrig	low	IV. Adjectiva	B. Klein u.s.w.	3348	LOW (POSITION OR HEIGHT)
Gabelentz-1892-1074-593	593	Mager	meagre	IV. Adjectiva	B. Klein u.s.w.	1400	THIN (SLIM)
Gabelentz-1892-1074-594	594	Kurz	short	IV. Adjectiva	B. Klein u.s.w.	1645	SHORT
Gabelentz-1892-1074-595	595	Dünn	thin	IV. Adjectiva	B. Klein u.s.w.	2308	THIN
Gabelentz-1892-1074-596	596	Schwach	weak	IV. Adjectiva	B. Klein u.s.w.	1601	WEAK
Gabelentz-1892-1074-597	597	Leicht	light	IV. Adjectiva	B. Klein u.s.w.	1052	LIGHT (WEIGHT)
Gabelentz-1892-1074-598	598	Eng	tight	IV. Adjectiva	B. Klein u.s.w.	3053	TIGHT
Gabelentz-1892-1074-599	599	Flach	flat	IV. Adjectiva	B. Klein u.s.w.	1633	FLAT
Gabelentz-1892-1074-600	600	seicht	shallow	IV. Adjectiva	B. Klein u.s.w.	193	SHALLOW
Gabelentz-1892-1074-601	601	Neu	new	IV. Adjectiva	B. Klein u.s.w.	1231	NEW
Gabelentz-1892-1074-602	602	Jung	young	IV. Adjectiva	B. Klein u.s.w.	1207	YOUNG
Gabelentz-1892-1074-603	603	Gerade	straight	IV. Adjectiva	C. Gestalt, Consistenz	1404	STRAIGHT
Gabelentz-1892-1074-604	604	Glatt	smooth	IV. Adjectiva	C. Gestalt, Consistenz	1234	SMOOTH
Gabelentz-1892-1074-605	605	Rund	round	IV. Adjectiva	C. Gestalt, Consistenz	1395	ROUND
Gabelentz-1892-1074-606	606	Scharf	sharp	IV. Adjectiva	C. Gestalt, Consistenz	1396	SHARP
Gabelentz-1892-1074-607	607	Rauh	rough, abrasive	IV. Adjectiva	C. Gestalt, Consistenz	1923	ROUGH
Gabelentz-1892-1074-608	608	Steil	steep	IV. Adjectiva	C. Gestalt, Consistenz	2717	STEEP
Gabelentz-1892-1074-609	609	Wüst	desolate	IV. Adjectiva	C. Gestalt, Consistenz		
Gabelentz-1892-1074-610	610	Stumpf	blunt	IV. Adjectiva	C. Gestalt, Consistenz	379	BLUNT
Gabelentz-1892-1074-611	611	Fest	firm, solid	IV. Adjectiva	C. Gestalt, Consistenz	3003	SOLID
Gabelentz-1892-1074-612	612	Dicht	dense	IV. Adjectiva	C. Gestalt, Consistenz	2239	DENSE
Gabelentz-1892-1074-613	613	Zäh	chewy, stringy	IV. Adjectiva	C. Gestalt, Consistenz		
Gabelentz-1892-1074-614	614	Hart	hard	IV. Adjectiva	C. Gestalt, Consistenz	1884	HARD
Gabelentz-1892-1074-615	615	Weich	soft	IV. Adjectiva	C. Gestalt, Consistenz	1856	SOFT
Gabelentz-1892-1074-616	616	Locker	slack	IV. Adjectiva	C. Gestalt, Consistenz		
Gabelentz-1892-1074-617	617	lose	loose	IV. Adjectiva	C. Gestalt, Consistenz	2506	LOOSE
Gabelentz-1892-1074-618	618	Weiss	white	IV. Adjectiva	D. Farben	1335	WHITE
Gabelentz-1892-1074-619	619	Schwarz	black	IV. Adjectiva	D. Farben	163	BLACK
Gabelentz-1892-1074-620	620	Dunkel	dark	IV. Adjectiva	D. Farben	706	DARK
Gabelentz-1892-1074-621	621	Schmutzig	dirty	IV. Adjectiva	D. Farben	1230	DIRTY
Gabelentz-1892-1074-622	622	Roth	red	IV. Adjectiva	D. Farben	156	RED
Gabelentz-1892-1074-623	623	Blau	blue	IV. Adjectiva	D. Farben	837	BLUE
Gabelentz-1892-1074-624	624	Gelb	yellow	IV. Adjectiva	D. Farben	1424	YELLOW
Gabelentz-1892-1074-625	625	Grün	green	IV. Adjectiva	D. Farben	1425	GREEN
Gabelentz-1892-1074-626	626	Hell	bright	IV. Adjectiva	D. Farben	679	BRIGHT
Gabelentz-1892-1074-627	627	Kalt	cold	IV. Adjectiva	E. Eigenschaften des Gefühls, Geschmacks, Geruchs, Gehörs	1287	COLD
Gabelentz-1892-1074-628	628	Warm	warm	IV. Adjectiva	E. Eigenschaften des Gefühls, Geschmacks, Geruchs, Gehörs	1232	WARM
Gabelentz-1892-1074-629	629	heiss	hot	IV. Adjectiva	E. Eigenschaften des Gefühls, Geschmacks, Geruchs, Gehörs	1286	HOT
Gabelentz-1892-1074-630	630	Trocken	dry	IV. Adjectiva	E. Eigenschaften des Gefühls, Geschmacks, Geruchs, Gehörs	1398	DRY
Gabelentz-1892-1074-631	631	dürr	scrawny, lean	IV. Adjectiva	E. Eigenschaften des Gefühls, Geschmacks, Geruchs, Gehörs		
Gabelentz-1892-1074-632	632	unfruchtbar	barren	IV. Adjectiva	E. Eigenschaften des Gefühls, Geschmacks, Geruchs, Gehörs		
Gabelentz-1892-1074-633	633	Nass, feucht	wet	IV. Adjectiva	E. Eigenschaften des Gefühls, Geschmacks, Geruchs, Gehörs	1726	WET
Gabelentz-1892-1074-634	634	Reif	ripe	IV. Adjectiva	E. Eigenschaften des Gefühls, Geschmacks, Geruchs, Gehörs	178	RIPE
Gabelentz-1892-1074-635	635	Unreif	unripe	IV. Adjectiva	E. Eigenschaften des Gefühls, Geschmacks, Geruchs, Gehörs	1958	UNRIPE
Gabelentz-1892-1074-636	636	Süss	sweet	IV. Adjectiva	E. Eigenschaften des Gefühls, Geschmacks, Geruchs, Gehörs	717	SWEET
Gabelentz-1892-1074-637	637	Roh	raw	IV. Adjectiva	E. Eigenschaften des Gefühls, Geschmacks, Geruchs, Gehörs	1959	RAW
Gabelentz-1892-1074-638	638	Laut	loud	IV. Adjectiva	E. Eigenschaften des Gefühls, Geschmacks, Geruchs, Gehörs	377	LOUD
Gabelentz-1892-1074-639	639	Leise	quiet	IV. Adjectiva	E. Eigenschaften des Gefühls, Geschmacks, Geruchs, Gehörs	1314	QUIET
Gabelentz-1892-1074-640	640	Sauer	sour	IV. Adjectiva	E. Eigenschaften des Gefühls, Geschmacks, Geruchs, Gehörs	1906	SOUR
Gabelentz-1892-1074-641	641	Bitter	bitter	IV. Adjectiva	E. Eigenschaften des Gefühls, Geschmacks, Geruchs, Gehörs	887	BITTER
Gabelentz-1892-1074-642	642	Stinkend, verfault	rotten, smelly, foul	IV. Adjectiva	E. Eigenschaften des Gefühls, Geschmacks, Geruchs, Gehörs	1728	ROTTEN
Gabelentz-1892-1074-643	643	Nackt	naked	IV. Adjectiva	F. Körperliches Befinden	590	NAKED
Gabelentz-1892-1074-644	644	Kahl	bald	IV. Adjectiva	F. Körperliches Befinden	1125	BALD
Gabelentz-1892-1074-645	645	Gesund	healthy	IV. Adjectiva	F. Körperliches Befinden	1364	HEALTHY
Gabelentz-1892-1074-646	646	Krank (vgl. 270)	sick, ill	IV. Adjectiva	F. Körperliches Befinden	1847	SICK
Gabelentz-1892-1074-647	647	Todt	dead	IV. Adjectiva	F. Körperliches Befinden	1625	DEAD
Gabelentz-1892-1074-648	648	Erkältet	to have a cold	IV. Adjectiva	F. Körperliches Befinden		
Gabelentz-1892-1074-649	649	Schief	crooked, lopsided	IV. Adjectiva	F. Körperliches Befinden		
Gabelentz-1892-1074-650	650	Lahm	lame	IV. Adjectiva	F. Körperliches Befinden	320	LAME
Gabelentz-1892-1074-651	651	Krumm	crooked, buckled	IV. Adjectiva	F. Körperliches Befinden		
Gabelentz-1892-1074-652	652	Krüppelig	crippled	IV. Adjectiva	F. Körperliches Befinden		
Gabelentz-1892-1074-653	653	Stumm	dumb, mute	IV. Adjectiva	F. Körperliches Befinden	1492	DUMB
Gabelentz-1892-1074-654	654	Taub	deaf	IV. Adjectiva	F. Körperliches Befinden	996	DEAF
Gabelentz-1892-1074-655	655	Blind	blind	IV. Adjectiva	F. Körperliches Befinden	1653	BLIND
Gabelentz-1892-1074-656	656	einäugig	one-eyed	IV. Adjectiva	F. Körperliches Befinden		
Gabelentz-1892-1074-657	657	Schwanger	pregnant	IV. Adjectiva	F. Körperliches Befinden	1123	PREGNANT
Gabelentz-1892-1074-658	658	Gehorsam	obedient, submissive	IV. Adjectiva	G. Gemüths- und Verstandeseigenschaften		
Gabelentz-1892-1074-659	659	Mässig	moderate	IV. Adjectiva	G. Gemüths- und Verstandeseigenschaften		
Gabelentz-1892-1074-660	660	Heilig	holy	IV. Adjectiva	G. Gemüths- und Verstandeseigenschaften	1702	HOLY
Gabelentz-1892-1074-661	661	Sanft	gentle	IV. Adjectiva	G. Gemüths- und Verstandeseigenschaften	1954	GENTLE
Gabelentz-1892-1074-662	662	Still, ruhig	quiet, calm	IV. Adjectiva	G. Gemüths- und Verstandeseigenschaften		
Gabelentz-1892-1074-663	663	Zahm	tame	IV. Adjectiva	G. Gemüths- und Verstandeseigenschaften	2838	TAME
Gabelentz-1892-1074-664	664	Zufrieden	satisfied	IV. Adjectiva	G. Gemüths- und Verstandeseigenschaften		
Gabelentz-1892-1074-665	665	Gut	good	IV. Adjectiva	G. Gemüths- und Verstandeseigenschaften	1035	GOOD
Gabelentz-1892-1074-666	666	Vorsichtig, klug	careful	IV. Adjectiva	G. Gemüths- und Verstandeseigenschaften	2758	CAREFUL
Gabelentz-1892-1074-667	667	schlau	smart, clever	IV. Adjectiva	G. Gemüths- und Verstandeseigenschaften	1310	CLEVER
Gabelentz-1892-1074-668	668	vernünftig, verständig	sensible, reasonable	IV. Adjectiva	G. Gemüths- und Verstandeseigenschaften		
Gabelentz-1892-1074-669	669	Tapfer, muthig	brave, courageous	IV. Adjectiva	G. Gemüths- und Verstandeseigenschaften	3	BRAVE
Gabelentz-1892-1074-670	670	Stolz	prideful, proud	IV. Adjectiva	G. Gemüths- und Verstandeseigenschaften		
Gabelentz-1892-1074-671	671	Schön	beautiful	IV. Adjectiva	G. Gemüths- und Verstandeseigenschaften	1427	BEAUTIFUL
Gabelentz-1892-1074-672	672	Fleissig	diligent	IV. Adjectiva	G. Gemüths- und Verstandeseigenschaften	2077	DILIGENT
Gabelentz-1892-1074-673	673	Dumm	stupid	IV. Adjectiva	G. Gemüths- und Verstandeseigenschaften	1518	STUPID
Gabelentz-1892-1074-674	674	Unwissend	ignorant, uninformed	IV. Adjectiva	G. Gemüths- und Verstandeseigenschaften	2651	BE IGNORANT
Gabelentz-1892-1074-675	675	Geizig	parsimonious	IV. Adjectiva	G. Gemüths- und Verstandeseigenschaften	1774	STINGY
Gabelentz-1892-1074-676	676	gierig	greedy	IV. Adjectiva	G. Gemüths- und Verstandeseigenschaften	2018	GREEDY
Gabelentz-1892-1074-677	677	Albern	silly	IV. Adjectiva	G. Gemüths- und Verstandeseigenschaften		
Gabelentz-1892-1074-678	678	Müde	tired	IV. Adjectiva	G. Gemüths- und Verstandeseigenschaften	1757	TIRED
Gabelentz-1892-1074-679	679	Müssig	idle	IV. Adjectiva	G. Gemüths- und Verstandeseigenschaften	2756	IDLE
Gabelentz-1892-1074-680	680	Träge	inactive, sluggish	IV. Adjectiva	G. Gemüths- und Verstandeseigenschaften	1564	LAZY
Gabelentz-1892-1074-681	681	Wild	wild	IV. Adjectiva	G. Gemüths- und Verstandeseigenschaften		
Gabelentz-1892-1074-682	682	widerspenstig, ungehorsam	rebellious	IV. Adjectiva	G. Gemüths- und Verstandeseigenschaften	3813	DISOBEDIENT
Gabelentz-1892-1074-683	683	Falsch	backstabbing	IV. Adjectiva	G. Gemüths- und Verstandeseigenschaften		
Gabelentz-1892-1074-684	684	Feig	cowardly	IV. Adjectiva	G. Gemüths- und Verstandeseigenschaften	3812	COWARDLY
Gabelentz-1892-1074-685	685	Böse, schlecht	evil	IV. Adjectiva	G. Gemüths- und Verstandeseigenschaften	45	EVIL
Gabelentz-1892-1074-686	686	Geil	lecherous, lustful	IV. Adjectiva	G. Gemüths- und Verstandeseigenschaften		
Gabelentz-1892-1074-687	687	Wahr	true	IV. Adjectiva	H. Allgemeines	1657	TRUE
Gabelentz-1892-1074-688	688	Rein	pure	IV. Adjectiva	H. Allgemeines	1147	PURE
Gabelentz-1892-1074-689	689	Gleich	equal	IV. Adjectiva	H. Allgemeines	1570	EQUAL
Gabelentz-1892-1074-690	690	Ähnlich	similar	IV. Adjectiva	H. Allgemeines	1558	SIMILAR
Gabelentz-1892-1074-691	691	Verschieden	different	IV. Adjectiva	H. Allgemeines	2504	DIFFERENT
Gabelentz-1892-1074-692	692	Voll	full	IV. Adjectiva	H. Allgemeines	1429	FULL
Gabelentz-1892-1074-693	693	Ganz	whole	IV. Adjectiva	H. Allgemeines	2277	WHOLE
Gabelentz-1892-1074-694	694	Fertig	done, ready	IV. Adjectiva	H. Allgemeines	790	READY
Gabelentz-1892-1074-695	695	Leer	empty	IV. Adjectiva	H. Allgemeines	1624	EMPTY
Gabelentz-1892-1074-696	696	Gestern	yesterday	V. Adverbien	A. Der Zeit	1174	YESTERDAY
Gabelentz-1892-1074-697	697	vorgestern	day before yesterday	V. Adverbien	A. Der Zeit	1180	DAY BEFORE YESTERDAY
Gabelentz-1892-1074-698	698	Heute	today	V. Adverbien	A. Der Zeit	1283	TODAY
Gabelentz-1892-1074-699	699	Morgen	tomorrow	V. Adverbien	A. Der Zeit	1329	TOMORROW
Gabelentz-1892-1074-700	700	Übermorgen	day after tomorrow	V. Adverbien	A. Der Zeit	1179	DAY AFTER TOMORROW
Gabelentz-1892-1074-701	701	Immer	always	V. Adverbien	A. Der Zeit	1676	ALWAYS
Gabelentz-1892-1074-702	702	Jetzt	now	V. Adverbien	A. Der Zeit	1376	NOW
Gabelentz-1892-1074-703	703	Bald, schnell	soon	V. Adverbien	A. Der Zeit	703	SOON
Gabelentz-1892-1074-704	704	Alsbald, sogleich	soon afterwards	V. Adverbien	A. Der Zeit		
Gabelentz-1892-1074-705	705	Soeben (vorhin)	just now	V. Adverbien	A. Der Zeit	84	JUST
Gabelentz-1892-1074-706	706	Spät	late	V. Adverbien	A. Der Zeit	477	LATE
Gabelentz-1892-1074-707	707	Langsam	slow	V. Adverbien	A. Der Zeit	701	SLOW
Gabelentz-1892-1074-708	708	Schon, vorlängst	already	V. Adverbien	A. Der Zeit	2576	ALREADY
Gabelentz-1892-1074-709	709	Zuerst	first	V. Adverbien	A. Der Zeit	2915	AT FIRST
Gabelentz-1892-1074-710	710	Zuletzt	last	V. Adverbien	A. Der Zeit		
Gabelentz-1892-1074-711	711	Dereinst	once	V. Adverbien	A. Der Zeit	2914	ONCE (IN THE PAST)
Gabelentz-1892-1074-712	712	Damals	back then	V. Adverbien	A. Der Zeit	2922	AT THAT TIME
Gabelentz-1892-1074-713	713	Rechts	right	V. Adverbien	B. Des Ortes (einschl. Präpositionen)	1019	RIGHT
Gabelentz-1892-1074-714	714	Links	left	V. Adverbien	B. Des Ortes (einschl. Präpositionen)	244	LEFT
Gabelentz-1892-1074-715	715	Neben, daneben	next to	V. Adverbien	B. Des Ortes (einschl. Präpositionen)	2917	NEXT TO
Gabelentz-1892-1074-716	716	Hier	here	V. Adverbien	B. Des Ortes (einschl. Präpositionen)	136	HERE
Gabelentz-1892-1074-717	717	Nahe	close by	V. Adverbien	B. Des Ortes (einschl. Präpositionen)		
Gabelentz-1892-1074-718	718	Jenseits	beyond	V. Adverbien	B. Des Ortes (einschl. Präpositionen)		
Gabelentz-1892-1074-719	719	Dort	there	V. Adverbien	B. Des Ortes (einschl. Präpositionen)	3411	OVER THERE
Gabelentz-1892-1074-720	720	da	there	V. Adverbien	B. Des Ortes (einschl. Präpositionen)	1937	THERE
Gabelentz-1892-1074-721	721	Fern	far away	V. Adverbien	B. Des Ortes (einschl. Präpositionen)	1406	FAR
Gabelentz-1892-1074-722	722	Her	here (movement towards)	V. Adverbien	B. Des Ortes (einschl. Präpositionen)	2925	HITHER (HERE TO)
Gabelentz-1892-1074-723	723	Hin, hinweg, fort	there (movement towards)	V. Adverbien	B. Des Ortes (einschl. Präpositionen)	2923	THITHER (THERE TO)
Gabelentz-1892-1074-724	724	Entlang	along	V. Adverbien	B. Des Ortes (einschl. Präpositionen)		
Gabelentz-1892-1074-725	725	Vor, vorn	in front of	V. Adverbien	B. Des Ortes (einschl. Präpositionen)	1883	IN FRONT OF
Gabelentz-1892-1074-726	726	Vorwärts	forward	V. Adverbien	B. Des Ortes (einschl. Präpositionen)	2912	FORWARD
Gabelentz-1892-1074-727	727	Hinten, hinter, nach	behind	V. Adverbien	B. Des Ortes (einschl. Präpositionen)	1686	BEHIND
Gabelentz-1892-1074-728	728	nach hinten, rückwärts	backward	V. Adverbien	B. Des Ortes (einschl. Präpositionen)	2911	BACKWARD
Gabelentz-1892-1074-729	729	Hoch	high	V. Adverbien	B. Des Ortes (einschl. Präpositionen)	2790	HIGH OR TALL
Gabelentz-1892-1074-730	730	Oben	up	V. Adverbien	B. Des Ortes (einschl. Präpositionen)	1265	HIGH
Gabelentz-1892-1074-731	731	Über	above	V. Adverbien	B. Des Ortes (einschl. Präpositionen)	1741	ABOVE
Gabelentz-1892-1074-732	732	Hinauf, auf	up (direction)	V. Adverbien	B. Des Ortes (einschl. Präpositionen)	1591	UP
Gabelentz-1892-1074-733	733	Herab, nieder	down (direction)	V. Adverbien	B. Des Ortes (einschl. Präpositionen)	1326	DOWN
Gabelentz-1892-1074-734	734	unten	below	V. Adverbien	B. Des Ortes (einschl. Präpositionen)	1485	BELOW OR UNDER
Gabelentz-1892-1074-735	735	Aussen, aus	outside	V. Adverbien	B. Des Ortes (einschl. Präpositionen)	762	OUTSIDE
Gabelentz-1892-1074-736	736	Zwischen	between	V. Adverbien	B. Des Ortes (einschl. Präpositionen)	689	BETWEEN
Gabelentz-1892-1074-737	737	Umher	around	V. Adverbien	B. Des Ortes (einschl. Präpositionen)		
Gabelentz-1892-1074-738	738	Zurück	back 	V. Adverbien	B. Des Ortes (einschl. Präpositionen)	2910	BACK (DIRECTION)
Gabelentz-1892-1074-739	739	Ja	yes	V. Adverbien	C. Der Art und Weise	1268	YES
Gabelentz-1892-1074-740	740	So	so, in that manner	V. Adverbien	C. Der Art und Weise		
Gabelentz-1892-1074-741	741	Vielleicht	maybe	V. Adverbien	C. Der Art und Weise	2278	PERHAPS
Gabelentz-1892-1074-742	742	wahrscheinlich	probably, likely	V. Adverbien	C. Der Art und Weise		
Gabelentz-1892-1074-743	743	hoffentlich	hopefully	V. Adverbien	C. Der Art und Weise		
Gabelentz-1892-1074-744	744	Gewiss	sure	V. Adverbien	C. Der Art und Weise		
Gabelentz-1892-1074-745	745	Sehr	very	V. Adverbien	C. Der Art und Weise	1311	VERY
Gabelentz-1892-1074-746	746	Genug	enough	V. Adverbien	C. Der Art und Weise	1881	ENOUGH
Gabelentz-1892-1074-747	747	Mehr	more	V. Adverbien	C. Der Art und Weise	1992	MORE
Gabelentz-1892-1074-748	748	weniger	less	V. Adverbien	C. Der Art und Weise		
Gabelentz-1892-1074-749	749	Nein	no	V. Adverbien	C. Der Art und Weise	1269	NO
Gabelentz-1892-1074-750	750	Nicht	not	V. Adverbien	C. Der Art und Weise	1240	NOT
Gabelentz-1892-1074-751	751	will nicht	want not	V. Adverbien	C. Der Art und Weise		
Gabelentz-1892-1074-752	752	kann nicht	can not	V. Adverbien	C. Der Art und Weise		
Gabelentz-1892-1074-753	753	darf nicht	may not	V. Adverbien	C. Der Art und Weise		
Gabelentz-1892-1074-754	754	Kaum	hardly	V. Adverbien	C. Der Art und Weise	2926	HARDLY
Gabelentz-1892-1074-755	755	Vergeblich	futile, in vain	V. Adverbien	C. Der Art und Weise	1765	IN VAIN
Gabelentz-1892-1074-756	756	Zusammen	together	V. Adverbien	C. Der Art und Weise	2482	TOGETHER
Gabelentz-1892-1074-757	757	Wieder	again	V. Adverbien	C. Der Art und Weise	204	AGAIN
Gabelentz-1892-1074-758	758	Noch	still	V. Adverbien	C. Der Art und Weise	2919	STILL (CONTINUING)
Gabelentz-1892-1074-759	759	Nur	only	V. Adverbien	C. Der Art und Weise	1580	ONLY
Gabelentz-1892-1074-760	760	Und	and	VI. Conjunctionen		1577	AND
Gabelentz-1892-1074-761	761	Oder	or	VI. Conjunctionen		1014	OR
Gabelentz-1892-1074-762	762	Aber	but	VI. Conjunctionen		3843	BUT
Gabelentz-1892-1074-763	763	Denn, weil	because	VI. Conjunctionen		1157	BECAUSE
Gabelentz-1892-1074-764	764	Als	when	VI. Conjunctionen			
Gabelentz-1892-1074-765	765	Während, so lange als	while	VI. Conjunctionen		726	WHILE
Gabelentz-1892-1074-766	766	Bis dass	until	VI. Conjunctionen		2753	UNTIL
Gabelentz-1892-1074-767	767	Damit, um zu	in order to	VI. Conjunctionen			
Gabelentz-1892-1074-768	768	Dass (Objektssatz)	that, which	VI. Conjunctionen			
Gabelentz-1892-1074-769	769	Wie	how	VI. Conjunctionen			
Gabelentz-1892-1074-770	770	Wenn	when	VI. Conjunctionen			
Gabelentz-1892-1074-771	771	Ob	if	VI. Conjunctionen			
Gabelentz-1892-1074-772	772	Obschon	although	VI. Conjunctionen			
Gabelentz-1892-1074-773	773	Zu (Richtung wohin)	to (direction)	VII. Präpositionen		2754	TOWARDS
Gabelentz-1892-1074-774	774	Dativ	(realization of dative case)	VII. Präpositionen			
Gabelentz-1892-1074-775	775	Mit (in Begleitung von…)	with	VII. Präpositionen		1340	WITH
Gabelentz-1892-1074-776	776	vermittels	by means of	VII. Präpositionen			
Gabelentz-1892-1074-777	777	Durch	through	VII. Präpositionen		97	THROUGH
Gabelentz-1892-1074-778	778	Gegen	against	VII. Präpositionen		2469	AGAINST
Gabelentz-1892-1074-779	779	Wegen	because of	VII. Präpositionen		2918	BECAUSE OF
Gabelentz-1892-1074-780	780	Um (etwas herum)	around something	VII. Präpositionen			
Gabelentz-1892-1074-781	781	Von (etwas her)	from (somewhere)	VII. Präpositionen		693	FROM
Gabelentz-1892-1074-782	782	Genitiv	(realization of genitive case)	VII. Präpositionen			
Gabelentz-1892-1074-783	783	In (etwas drinnen)	inside	VII. Präpositionen		1460	IN
Gabelentz-1892-1074-784	784	in (etwas hinein)	inside (movement)	VII. Präpositionen			
Gabelentz-1892-1074-785	785	Für	for	VII. Präpositionen			
Gabelentz-1892-1074-786	786	Bei (dicht bei, nahe bei)	nearby	VII. Präpositionen		1461	AT
Gabelentz-1892-1074-787	787	An (der Seite von…)	at (someone’s side)	VII. Präpositionen			
Gabelentz-1892-1074-788	788	Sprechen, reden, sagen	to speak	VIII. Verba	A. Sagen, sprechen u.s.w.	1623	SPEAK
Gabelentz-1892-1074-789	789	Schreien	to shout, to scream	VIII. Verba	A. Sagen, sprechen u.s.w.	715	SHOUT
Gabelentz-1892-1074-790	790	Heulen	to cry	VIII. Verba	A. Sagen, sprechen u.s.w.	526	HOWL
Gabelentz-1892-1074-791	791	Rufen	to call	VIII. Verba	A. Sagen, sprechen u.s.w.	1084	CALL
Gabelentz-1892-1074-792	792	Flüstern	to whisper	VIII. Verba	A. Sagen, sprechen u.s.w.	55	WHISPER
Gabelentz-1892-1074-793	793	Flöten, pfeifen	to whistle	VIII. Verba	A. Sagen, sprechen u.s.w.	1025	WHISTLE
Gabelentz-1892-1074-794	794	Singen	to sing	VIII. Verba	A. Sagen, sprechen u.s.w.	1261	SING
Gabelentz-1892-1074-795	795	Schnalzen	to click one’s tongue	VIII. Verba	A. Sagen, sprechen u.s.w.		
Gabelentz-1892-1074-796	796	Fragen	to ask	VIII. Verba	A. Sagen, sprechen u.s.w.	1309	ASK (INQUIRE)
Gabelentz-1892-1074-797	797	Antworten	to answer	VIII. Verba	A. Sagen, sprechen u.s.w.	1275	ANSWER
Gabelentz-1892-1074-798	798	Winken	to wave	VIII. Verba	A. Sagen, sprechen u.s.w.	3544	WAVE (VERB)
Gabelentz-1892-1074-799	799	Beten	to pray	VIII. Verba	A. Sagen, sprechen u.s.w.	24	PRAY
Gabelentz-1892-1074-800	800	Bitten	to ask for	VIII. Verba	A. Sagen, sprechen u.s.w.	1828	ASK (REQUEST)
Gabelentz-1892-1074-801	801	Danken	to thank	VIII. Verba	A. Sagen, sprechen u.s.w.	2412	THANK (SOMEBODY)
Gabelentz-1892-1074-802	802	Loben	to praise	VIII. Verba	A. Sagen, sprechen u.s.w.	3455	COMMEND
Gabelentz-1892-1074-803	803	Fluchen	to swear	VIII. Verba	A. Sagen, sprechen u.s.w.		
Gabelentz-1892-1074-804	804	Schweigen	to be silent	VIII. Verba	A. Sagen, sprechen u.s.w.	48	BE SILENT
Gabelentz-1892-1074-805	805	verschweigen	to withhold something	VIII. Verba	A. Sagen, sprechen u.s.w.		
Gabelentz-1892-1074-806	806	Seufzen	to sigh	VIII. Verba	A. Sagen, sprechen u.s.w.		
Gabelentz-1892-1074-807	807	Grüssen	to greet	VIII. Verba	A. Sagen, sprechen u.s.w.	3552	GREET
Gabelentz-1892-1074-808	808	Lehren	to teach	VIII. Verba	A. Sagen, sprechen u.s.w.	709	TEACH
Gabelentz-1892-1074-809	809	Zählen	to count	VIII. Verba	A. Sagen, sprechen u.s.w.	1420	COUNT
Gabelentz-1892-1074-810	810	Zeigen	to point, to show	VIII. Verba	A. Sagen, sprechen u.s.w.	1039	SHOW
Gabelentz-1892-1074-811	811	Bekennen	to admit	VIII. Verba	A. Sagen, sprechen u.s.w.	2022	ADMIT
Gabelentz-1892-1074-812	812	Verkündigen	to declare	VIII. Verba	A. Sagen, sprechen u.s.w.		
Gabelentz-1892-1074-813	813	Befehlen	to give orders	VIII. Verba	A. Sagen, sprechen u.s.w.	1128	ORDER
Gabelentz-1892-1074-814	814	drohen	to threaten	VIII. Verba	A. Sagen, sprechen u.s.w.	1192	THREATEN
Gabelentz-1892-1074-815	815	erinnern	to remember, to remind	VIII. Verba	A. Sagen, sprechen u.s.w.		
Gabelentz-1892-1074-816	816	ermahnen	to warn	VIII. Verba	A. Sagen, sprechen u.s.w.		
Gabelentz-1892-1074-817	817	verbieten	to forbid	VIII. Verba	A. Sagen, sprechen u.s.w.	83	FORBID
Gabelentz-1892-1074-818	818	Lästern	to slander	VIII. Verba	A. Sagen, sprechen u.s.w.	3641	SLANDER
Gabelentz-1892-1074-819	819	Leugnen	to deny	VIII. Verba	A. Sagen, sprechen u.s.w.	755	DENY
Gabelentz-1892-1074-820	820	Verweigern	to refuse	VIII. Verba	A. Sagen, sprechen u.s.w.	49	REFUSE
Gabelentz-1892-1074-821	821	Streiten	to argue, to quarrel	VIII. Verba	A. Sagen, sprechen u.s.w.	3302	QUARREL (VERB)
Gabelentz-1892-1074-822	822	Lügen	to lie	VIII. Verba	A. Sagen, sprechen u.s.w.	601	LIE (MISLEAD)
Gabelentz-1892-1074-823	823	Schelten, schimpfen	to scold	VIII. Verba	A. Sagen, sprechen u.s.w.	299	SCOLD
Gabelentz-1892-1074-824	824	Betrügen, täuschen	to deceive	VIII. Verba	A. Sagen, sprechen u.s.w.	3230	DECEIVE
Gabelentz-1892-1074-825	825	Denken	to think	VIII. Verba	B. Denken u.s.w.	2271	THINK
Gabelentz-1892-1074-826	826	Gedenken	to commemorate	VIII. Verba	B. Denken u.s.w.		
Gabelentz-1892-1074-827	827	Träumen	to dream	VIII. Verba	B. Denken u.s.w.	1920	DREAM (SOMETHING)
Gabelentz-1892-1074-828	828	Kennen	to know someone	VIII. Verba	B. Denken u.s.w.	2248	KNOW (SOMEBODY)
Gabelentz-1892-1074-829	829	Wissen	to know something	VIII. Verba	B. Denken u.s.w.	1410	KNOW (SOMETHING)
Gabelentz-1892-1074-830	830	Können	to be able	VIII. Verba	B. Denken u.s.w.	972	BE ABLE
Gabelentz-1892-1074-831	831	Finden	to find	VIII. Verba	B. Denken u.s.w.	719	FIND
Gabelentz-1892-1074-832	832	Messen	to measure	VIII. Verba	B. Denken u.s.w.	1506	MEASURE
Gabelentz-1892-1074-833	833	Vergleichen	to compare	VIII. Verba	B. Denken u.s.w.	3429	COMPARE
Gabelentz-1892-1074-834	834	Glauben	to believe	VIII. Verba	B. Denken u.s.w.	1890	BELIEVE
Gabelentz-1892-1074-835	835	Lieben	to love	VIII. Verba	B. Denken u.s.w.	923	LOVE
Gabelentz-1892-1074-836	836	Hoffen	to hope	VIII. Verba	B. Denken u.s.w.	1092	HOPE
Gabelentz-1892-1074-837	837	Wollen	to want	VIII. Verba	B. Denken u.s.w.	1784	WANT
Gabelentz-1892-1074-838	838	Wählen	to choose	VIII. Verba	B. Denken u.s.w.	1750	CHOOSE
Gabelentz-1892-1074-839	839	Wünschen, begehren	to wish for	VIII. Verba	B. Denken u.s.w.	2117	DESIRE
Gabelentz-1892-1074-840	840	Warten	to wait	VIII. Verba	B. Denken u.s.w.	1590	WAIT (FOR)
Gabelentz-1892-1074-841	841	Lauern	to lurk	VIII. Verba	B. Denken u.s.w.		
Gabelentz-1892-1074-842	842	Aufpassen	to pay attention	VIII. Verba	B. Denken u.s.w.		
Gabelentz-1892-1074-843	843	Versuchen	to try	VIII. Verba	B. Denken u.s.w.	1812	TRY
Gabelentz-1892-1074-844	844	Fürchten	to fear	VIII. Verba	B. Denken u.s.w.	1419	FEAR (BE AFRAID)
Gabelentz-1892-1074-845	845	Sich wundern	to wonder	VIII. Verba	B. Denken u.s.w.		
Gabelentz-1892-1074-846	846	Sich schämen	to be ashamed of oneself	VIII. Verba	B. Denken u.s.w.	1894	ASHAMED
Gabelentz-1892-1074-847	847	Ehren	to honour	VIII. Verba	B. Denken u.s.w.	3628	HONOR (SOMEBODY)
Gabelentz-1892-1074-848	848	Erschrecken	to be scared or to scare someone	VIII. Verba	B. Denken u.s.w.	2109	FEAR OR FRIGHTEN
Gabelentz-1892-1074-849	849	Sich freuen	to be happy	VIII. Verba	B. Denken u.s.w.	1495	HAPPY
Gabelentz-1892-1074-850	850	Suchen	to search	VIII. Verba	B. Denken u.s.w.	1468	LOOK FOR
Gabelentz-1892-1074-851	851	Sorgen	to worry	VIII. Verba	B. Denken u.s.w.	150	WORRY
Gabelentz-1892-1074-852	852	Bedauern	to regret	VIII. Verba	B. Denken u.s.w.	1875	REGRET
Gabelentz-1892-1074-853	853	Trauern	to mourn	VIII. Verba	B. Denken u.s.w.		
Gabelentz-1892-1074-854	854	Zürnen	to be angry, to rage	VIII. Verba	B. Denken u.s.w.	2223	BE ANGRY
Gabelentz-1892-1074-855	855	Hassen	to hate	VIII. Verba	B. Denken u.s.w.	1607	HATE
Gabelentz-1892-1074-856	856	Verachten	to despise	VIII. Verba	B. Denken u.s.w.	2715	DESPISE
Gabelentz-1892-1074-857	857	Vergeben	to forgive	VIII. Verba	B. Denken u.s.w.	1528	FORGIVE
Gabelentz-1892-1074-858	858	Vergessen	to forget	VIII. Verba	B. Denken u.s.w.	1523	FORGET
Gabelentz-1892-1074-859	859	Irren	to be mistaken	VIII. Verba	B. Denken u.s.w.		
Gabelentz-1892-1074-860	860	Richten	to judge	VIII. Verba	B. Denken u.s.w.	1818	ADJUDICATE
Gabelentz-1892-1074-861	861	Gebären	to give birth	VIII. Verba	C. Leben, Körperfunctionen	1195	GIVE BIRTH
Gabelentz-1892-1074-862	862	geboren werden	to be born	VIII. Verba	C. Leben, Körperfunctionen	1090	BE BORN
Gabelentz-1892-1074-863	863	Können	to be able	VIII. Verba	C. Leben, Körperfunctionen	972	BE ABLE
Gabelentz-1892-1074-864	864	Wachsen	to grow	VIII. Verba	C. Leben, Körperfunctionen	479	GROW
Gabelentz-1892-1074-865	865	Leben	to live	VIII. Verba	C. Leben, Körperfunctionen	1422	BE ALIVE
Gabelentz-1892-1074-866	866	Athmen	to breathe	VIII. Verba	C. Leben, Körperfunctionen	1407	BREATHE
Gabelentz-1892-1074-867	867	Hungern	to be hungry	VIII. Verba	C. Leben, Körperfunctionen	1533	BE HUNGRY
Gabelentz-1892-1074-868	868	Essen	to eat	VIII. Verba	C. Leben, Körperfunctionen	1336	EAT
Gabelentz-1892-1074-869	869	Füttern	to feed	VIII. Verba	C. Leben, Körperfunctionen	739	FEED
Gabelentz-1892-1074-870	870	Nähren	to nourish	VIII. Verba	C. Leben, Körperfunctionen		
Gabelentz-1892-1074-871	871	Beissen	to bite	VIII. Verba	C. Leben, Körperfunctionen	1403	BITE
Gabelentz-1892-1074-872	872	Kauen	to chew	VIII. Verba	C. Leben, Körperfunctionen	321	CHEW
Gabelentz-1892-1074-873	873	Satt sein	to be not hungry, to be full	VIII. Verba	C. Leben, Körperfunctionen	106	SATIATED
Gabelentz-1892-1074-874	874	Dursten	to be thirsty	VIII. Verba	C. Leben, Körperfunctionen	3474	BE THIRSTY
Gabelentz-1892-1074-875	875	Speien	to vomit	VIII. Verba	C. Leben, Körperfunctionen	1278	VOMIT
Gabelentz-1892-1074-876	876	Seine Nothdurft verrichten	to defecate	VIII. Verba	C. Leben, Körperfunctionen	676	SHIT (DEFECATE)
Gabelentz-1892-1074-877	877	Pissen	to urinate	VIII. Verba	C. Leben, Körperfunctionen	592	PISS
Gabelentz-1892-1074-878	878	Menstruiren	to menstruate	VIII. Verba	C. Leben, Körperfunctionen	2827	MENSTRUATE
Gabelentz-1892-1074-879	879	Trinken	to drink	VIII. Verba	C. Leben, Körperfunctionen	1401	DRINK
Gabelentz-1892-1074-880	880	sich betrinken	to get drunk	VIII. Verba	C. Leben, Körperfunctionen		
Gabelentz-1892-1074-881	881	Waschen	to wash	VIII. Verba	C. Leben, Körperfunctionen	1453	WASH
Gabelentz-1892-1074-882	882	baden	to bathe	VIII. Verba	C. Leben, Körperfunctionen	138	BATHE
Gabelentz-1892-1074-883	883	Niesen	to sneeze	VIII. Verba	C. Leben, Körperfunctionen	1621	SNEEZE
Gabelentz-1892-1074-884	884	Husten	to cough	VIII. Verba	C. Leben, Körperfunctionen	879	COUGH
Gabelentz-1892-1074-885	885	Blasen, hauchen	to blow	VIII. Verba	C. Leben, Körperfunctionen	176	BLOW (WITH MOUTH)
Gabelentz-1892-1074-886	886	Gähnen	to yawn	VIII. Verba	C. Leben, Körperfunctionen	1028	YAWN
Gabelentz-1892-1074-887	887	Schlafen	to sleep	VIII. Verba	C. Leben, Körperfunctionen	1585	SLEEP
Gabelentz-1892-1074-888	888	Wach sein	to be awake	VIII. Verba	C. Leben, Körperfunctionen	825	AWAKE
Gabelentz-1892-1074-889	889	Erwachen	to wake up	VIII. Verba	C. Leben, Körperfunctionen	1602	WAKE UP
Gabelentz-1892-1074-890	890	Ruhen	to rest	VIII. Verba	C. Leben, Körperfunctionen	168	REST
Gabelentz-1892-1074-891	891	Leiden, dulden	to suffer	VIII. Verba	C. Leben, Körperfunctionen	1101	SUFFER
Gabelentz-1892-1074-892	892	Schmerzen, Schmerz empfinden	to feel pain	VIII. Verba	C. Leben, Körperfunctionen	2561	HURT (SENSE PAIN)
Gabelentz-1892-1074-893	893	Heilen	to heal	VIII. Verba	C. Leben, Körperfunctionen	499	CURE
Gabelentz-1892-1074-894	894	Weinen	to cry	VIII. Verba	C. Leben, Körperfunctionen	1839	CRY
Gabelentz-1892-1074-895	895	Lachen	to laugh	VIII. Verba	C. Leben, Körperfunctionen	1355	LAUGH
Gabelentz-1892-1074-896	896	Küssen	to kiss	VIII. Verba	C. Leben, Körperfunctionen	578	KISS
Gabelentz-1892-1074-897	897	Lecken	to lick	VIII. Verba	C. Leben, Körperfunctionen	319	LICK
Gabelentz-1892-1074-898	898	Schwitzen	to sweat	VIII. Verba	C. Leben, Körperfunctionen	126	SWEAT (PERSPIRE)
Gabelentz-1892-1074-899	899	Tödten	to kill	VIII. Verba	C. Leben, Körperfunctionen	1417	KILL
Gabelentz-1892-1074-900	900	Sehen	to see	VIII. Verba	C. Leben, Körperfunctionen	1409	SEE
Gabelentz-1892-1074-901	901	Hören	to hear	VIII. Verba	C. Leben, Körperfunctionen	1408	HEAR
Gabelentz-1892-1074-902	902	Kosten	to taste	VIII. Verba	C. Leben, Körperfunctionen	21	TASTE (SOMETHING)
Gabelentz-1892-1074-903	903	Riechen, schnüffeln	to smell	VIII. Verba	C. Leben, Körperfunctionen	1586	SMELL (PERCEIVE)
Gabelentz-1892-1074-904	904	Fühlen	to feel	VIII. Verba	C. Leben, Körperfunctionen	1079	FEEL
Gabelentz-1892-1074-905	905	Berühren, betasten	to touch	VIII. Verba	C. Leben, Körperfunctionen	1892	TOUCH
Gabelentz-1892-1074-906	906	Den Beischlaf vollziehen	to have intercourse	VIII. Verba	C. Leben, Körperfunctionen	549	COPULATE
Gabelentz-1892-1074-907	907	Gehen	to go	VIII. Verba	D. Gehen, Kommen u.s.w.	695	GO
Gabelentz-1892-1074-908	908	Kommen	to come	VIII. Verba	D. Gehen, Kommen u.s.w.	1446	COME
Gabelentz-1892-1074-909	909	Besuchen	to visit	VIII. Verba	D. Gehen, Kommen u.s.w.	1377	VISIT
Gabelentz-1892-1074-910	910	Begegnen	to meet	VIII. Verba	D. Gehen, Kommen u.s.w.	3904	ENCOUNTER (MEET)
Gabelentz-1892-1074-911	911	Landen	to land, to go ashore	VIII. Verba	D. Gehen, Kommen u.s.w.		
Gabelentz-1892-1074-912	912	Absegeln	to start sailing	VIII. Verba	D. Gehen, Kommen u.s.w.		
Gabelentz-1892-1074-913	913	Folgen	to follow	VIII. Verba	D. Gehen, Kommen u.s.w.	1085	FOLLOW
Gabelentz-1892-1074-914	914	Verfolgen	to pursue	VIII. Verba	D. Gehen, Kommen u.s.w.	1047	PURSUE
Gabelentz-1892-1074-915	915	Erreichen	to arrive at a destination	VIII. Verba	D. Gehen, Kommen u.s.w.	1387	ARRIVE
Gabelentz-1892-1074-916	916	Umkehren	to turn back	VIII. Verba	D. Gehen, Kommen u.s.w.	581	COME BACK
Gabelentz-1892-1074-917	917	Schicken, senden	to send	VIII. Verba	D. Gehen, Kommen u.s.w.	1127	SEND
Gabelentz-1892-1074-918	918	Eintreten	to enter	VIII. Verba	D. Gehen, Kommen u.s.w.	749	ENTER
Gabelentz-1892-1074-919	919	Treten	to kick	VIII. Verba	D. Gehen, Kommen u.s.w.	1135	KICK
Gabelentz-1892-1074-920	920	Laufen	to walk	VIII. Verba	D. Gehen, Kommen u.s.w.	1443	WALK
Gabelentz-1892-1074-921	921	Kriechen	to crawl	VIII. Verba	D. Gehen, Kommen u.s.w.	3215	CREEP
Gabelentz-1892-1074-922	922	Klettern	to climb	VIII. Verba	D. Gehen, Kommen u.s.w.	1102	CLIMB
Gabelentz-1892-1074-923	923	Fliegen	to fly	VIII. Verba	D. Gehen, Kommen u.s.w.	1441	FLY (MOVE THROUGH AIR)
Gabelentz-1892-1074-924	924	Fliehen	to flee	VIII. Verba	D. Gehen, Kommen u.s.w.	956	FLEE
Gabelentz-1892-1074-925	925	Verlassen	to leave	VIII. Verba	D. Gehen, Kommen u.s.w.	1752	LEAVE
Gabelentz-1892-1074-926	926	Aufgehen (die Sonne u.s.w.)	to rise (sun etc.)	VIII. Verba	D. Gehen, Kommen u.s.w.	568	RISE (MOVE UPWARDS)
Gabelentz-1892-1074-927	927	steigen	to ascend	VIII. Verba	D. Gehen, Kommen u.s.w.	705	GO UP (ASCEND)
Gabelentz-1892-1074-928	928	Untergehen (desgl.)	to set (sun etc.)	VIII. Verba	D. Gehen, Kommen u.s.w.	160	SET (HEAVENLY BODIES)
Gabelentz-1892-1074-929	929	hinabsteigen	to descend	VIII. Verba	D. Gehen, Kommen u.s.w.	2014	GO DOWN (DESCEND)
Gabelentz-1892-1074-930	930	Aufstehen	to get up	VIII. Verba	D. Gehen, Kommen u.s.w.	1512	RISE (ONESELF)
Gabelentz-1892-1074-931	931	Schütteln	to shake	VIII. Verba	D. Gehen, Kommen u.s.w.	1909	SHAKE
Gabelentz-1892-1074-932	932	sich schütteln	to shake (oneself)	VIII. Verba	D. Gehen, Kommen u.s.w.		
Gabelentz-1892-1074-933	933	Zittern	to tremble, to shiver	VIII. Verba	D. Gehen, Kommen u.s.w.	52	SHIVER
Gabelentz-1892-1074-934	934	Hüpfen	to hop	VIII. Verba	D. Gehen, Kommen u.s.w.		
Gabelentz-1892-1074-935	935	Stampfen	to stomp	VIII. Verba	D. Gehen, Kommen u.s.w.		
Gabelentz-1892-1074-936	936	Springen	to jump	VIII. Verba	D. Gehen, Kommen u.s.w.	1829	JUMP
Gabelentz-1892-1074-937	937	Tanzen	to dance	VIII. Verba	D. Gehen, Kommen u.s.w.	1879	DANCE
Gabelentz-1892-1074-938	938	Straucheln	to stumble	VIII. Verba	D. Gehen, Kommen u.s.w.	3617	STUMBLE
Gabelentz-1892-1074-939	939	Fallen	to fall	VIII. Verba	D. Gehen, Kommen u.s.w.	1280	FALL
Gabelentz-1892-1074-940	940	Ertrinken	to drown	VIII. Verba	D. Gehen, Kommen u.s.w.	1904	DROWN
Gabelentz-1892-1074-941	941	Schwimmen	to swim	VIII. Verba	D. Gehen, Kommen u.s.w.	1439	SWIM
Gabelentz-1892-1074-942	942	Fliessen	to flow	VIII. Verba	D. Gehen, Kommen u.s.w.	2003	FLOW
Gabelentz-1892-1074-943	943	Tröpfeln	to dribble	VIII. Verba	D. Gehen, Kommen u.s.w.		
Gabelentz-1892-1074-944	944	Schwellen	to swell	VIII. Verba	D. Gehen, Kommen u.s.w.	1573	SWELL
Gabelentz-1892-1074-945	945	Sein	to be	VIII. Verba	E. Dasein, verweilen	1579	BE
Gabelentz-1892-1074-946	946	Dasein (wo sein)	to be there	VIII. Verba	E. Dasein, verweilen		
Gabelentz-1892-1074-947	947	Bleiben	to stay	VIII. Verba	E. Dasein, verweilen	987	REMAIN
Gabelentz-1892-1074-948	948	Wohnen	to reside, to dwell	VIII. Verba	E. Dasein, verweilen	363	DWELL (LIVE, RESIDE)
Gabelentz-1892-1074-949	949	Sitzen	to sit (be sitting)	VIII. Verba	E. Dasein, verweilen	1416	SIT
Gabelentz-1892-1074-950	950	Stehen	to stand (be standing)	VIII. Verba	E. Dasein, verweilen	1442	STAND
Gabelentz-1892-1074-951	951	stellen	to put something somewhere	VIII. Verba	E. Dasein, verweilen	998	PUT
Gabelentz-1892-1074-952	952	Biegen	to bend	VIII. Verba	E. Dasein, verweilen	2224	BEND (SOMETHING)
Gabelentz-1892-1074-953	953	Legen	to lay something somewhere	VIII. Verba	E. Dasein, verweilen		
Gabelentz-1892-1074-954	954	Hängen (intransitiv)	to hang (intransitive)	VIII. Verba	E. Dasein, verweilen	2884	HANG
Gabelentz-1892-1074-955	955	hängen (transitiv)	to hang (transitive)	VIII. Verba	E. Dasein, verweilen	357	HANG UP
Gabelentz-1892-1074-956	956	Kleben	to stick	VIII. Verba	E. Dasein, verweilen	254	STICKING
Gabelentz-1892-1074-957	957	Geschehen	to happen	VIII. Verba	E. Dasein, verweilen	248	HAPPEN
Gabelentz-1892-1074-958	958	Vergeben	to forgive	VIII. Verba	E. Dasein, verweilen	1528	FORGIVE
Gabelentz-1892-1074-959	959	Fehlen, nicht dasein	to be missing	VIII. Verba	E. Dasein, verweilen		
Gabelentz-1892-1074-960	960	Abreissen, trennen	to tear apart	VIII. Verba	F. Andere Verba (alphabetisch geordnet)	1735	TEAR (SHRED)
Gabelentz-1892-1074-961	961	Abwischen	to wipe	VIII. Verba	F. Andere Verba (alphabetisch geordnet)	1454	WIPE
Gabelentz-1892-1074-962	962	Anfangen	to begin	VIII. Verba	F. Andere Verba (alphabetisch geordnet)	3447	BEGIN OR START
Gabelentz-1892-1074-963	963	Anklopfen	to knock	VIII. Verba	F. Andere Verba (alphabetisch geordnet)	2396	KNOCK
Gabelentz-1892-1074-964	964	Anrühren	to touch, to mix	VIII. Verba	F. Andere Verba (alphabetisch geordnet)		
Gabelentz-1892-1074-965	965	Anzünden	to set something on fire	VIII. Verba	F. Andere Verba (alphabetisch geordnet)	737	LIGHT (IGNITE)
Gabelentz-1892-1074-966	966	Arbeiten	to work	VIII. Verba	F. Andere Verba (alphabetisch geordnet)	1086	WORK (ACTIVITY)
Gabelentz-1892-1074-967	967	Aufrollen, rollen	to roll	VIII. Verba	F. Andere Verba (alphabetisch geordnet)		
Gabelentz-1892-1074-968	968	Aufsetzen (den Hut)	to put on (a hat)	VIII. Verba	F. Andere Verba (alphabetisch geordnet)		
Gabelentz-1892-1074-969	969	Ausbreiten	to spread	VIII. Verba	F. Andere Verba (alphabetisch geordnet)	38	SPREAD OUT
Gabelentz-1892-1074-970	970	Ausstrecken	to stretch out	VIII. Verba	F. Andere Verba (alphabetisch geordnet)	214	STRETCH
Gabelentz-1892-1074-971	971	Bauen	to build	VIII. Verba	F. Andere Verba (alphabetisch geordnet)	1840	BUILD
Gabelentz-1892-1074-972	972	Bedecken	to cover	VIII. Verba	F. Andere Verba (alphabetisch geordnet)	761	COVER
Gabelentz-1892-1074-973	973	bekleiden, anziehen	to dress	VIII. Verba	F. Andere Verba (alphabetisch geordnet)	814	DRESS UP
Gabelentz-1892-1074-974	974	einwickeln	to wrap, to swaddle	VIII. Verba	F. Andere Verba (alphabetisch geordnet)	1113	WRAP
Gabelentz-1892-1074-975	975	Beendigen	to finish	VIII. Verba	F. Andere Verba (alphabetisch geordnet)	1766	FINISH
Gabelentz-1892-1074-976	976	Beschmutzen	to soil	VIII. Verba	F. Andere Verba (alphabetisch geordnet)	1015	SOIL
Gabelentz-1892-1074-977	977	Beugen, biegen	to curve	VIII. Verba	F. Andere Verba (alphabetisch geordnet)	2004	BEND
Gabelentz-1892-1074-978	978	Bewegen	to move	VIII. Verba	F. Andere Verba (alphabetisch geordnet)	765	MOVE
Gabelentz-1892-1074-979	979	Bezahlen	to pay	VIII. Verba	F. Andere Verba (alphabetisch geordnet)	718	PAY
Gabelentz-1892-1074-980	980	Binden	to bind	VIII. Verba	F. Andere Verba (alphabetisch geordnet)	1917	TIE
Gabelentz-1892-1074-981	981	Brechen, zerbrechen	to break	VIII. Verba	F. Andere Verba (alphabetisch geordnet)	680	BREAK (DESTROY OR GET DESTROYED)
Gabelentz-1892-1074-982	982	Brennen (intransitiv)	to burn (intransitive)	VIII. Verba	F. Andere Verba (alphabetisch geordnet)	1428	BURNING
Gabelentz-1892-1074-983	983	brennen (transitiv)	to burn (transitive)	VIII. Verba	F. Andere Verba (alphabetisch geordnet)	141	BURN (SOMETHING)
Gabelentz-1892-1074-984	984	verbrennen	to burn (intransitive or transitive)	VIII. Verba	F. Andere Verba (alphabetisch geordnet)	2102	BURN
Gabelentz-1892-1074-985	985	Bringen	to bring	VIII. Verba	F. Andere Verba (alphabetisch geordnet)	692	BRING
Gabelentz-1892-1074-986	986	Dienen	to serve	VIII. Verba	F. Andere Verba (alphabetisch geordnet)	3648	SERVE (SOMEONE)
Gabelentz-1892-1074-987	987	Eintauchen	to dip	VIII. Verba	F. Andere Verba (alphabetisch geordnet)	3697	DIP
Gabelentz-1892-1074-988	988	Erhalten, bekommen	to receive	VIII. Verba	F. Andere Verba (alphabetisch geordnet)	694	GET
Gabelentz-1892-1074-989	989	Fangen	to catch	VIII. Verba	F. Andere Verba (alphabetisch geordnet)	702	CATCH
Gabelentz-1892-1074-990	990	Fegen	to sweep	VIII. Verba	F. Andere Verba (alphabetisch geordnet)	230	SWEEP
Gabelentz-1892-1074-991	991	Fischen	to fish	VIII. Verba	F. Andere Verba (alphabetisch geordnet)	2638	FISHING
Gabelentz-1892-1074-992	992	Flechten	to braid	VIII. Verba	F. Andere Verba (alphabetisch geordnet)	3294	BRAID (VERB) OR WEAVE (BASKET)
Gabelentz-1892-1074-993	993	Führen	to lead	VIII. Verba	F. Andere Verba (alphabetisch geordnet)	43	LEAD (GUIDE)
Gabelentz-1892-1074-994	994	Füllen	to fill	VIII. Verba	F. Andere Verba (alphabetisch geordnet)	2006	FILL
Gabelentz-1892-1074-995	995	Geben	to give	VIII. Verba	F. Andere Verba (alphabetisch geordnet)	1447	GIVE
Gabelentz-1892-1074-996	996	Giessen	to water	VIII. Verba	F. Andere Verba (alphabetisch geordnet)	3078	IRRIGATE
Gabelentz-1892-1074-997	997	Glänzen, scheinen	to shine	VIII. Verba	F. Andere Verba (alphabetisch geordnet)	708	SHINE
Gabelentz-1892-1074-998	998	Graben	to dig	VIII. Verba	F. Andere Verba (alphabetisch geordnet)	1418	DIG
Gabelentz-1892-1074-999	999	begraben	to bury	VIII. Verba	F. Andere Verba (alphabetisch geordnet)	1719	BURY
Gabelentz-1892-1074-1000	1000	Greifen	to grab	VIII. Verba	F. Andere Verba (alphabetisch geordnet)	855	SEIZE
Gabelentz-1892-1074-1001	1001	Haben	to have	VIII. Verba	F. Andere Verba (alphabetisch geordnet)	773	HAVE
Gabelentz-1892-1074-1002	1002	Hauen	to hit	VIII. Verba	F. Andere Verba (alphabetisch geordnet)	353	STRIKE
Gabelentz-1892-1074-1003	1003	abhauen	to chop off	VIII. Verba	F. Andere Verba (alphabetisch geordnet)		
Gabelentz-1892-1074-1004	1004	Halten	to hold	VIII. Verba	F. Andere Verba (alphabetisch geordnet)	1448	HOLD
Gabelentz-1892-1074-1005	1005	Handeln, Handel treiben	to trade	VIII. Verba	F. Andere Verba (alphabetisch geordnet)	898	TRADE
Gabelentz-1892-1074-1006	1006	Heben	to lift	VIII. Verba	F. Andere Verba (alphabetisch geordnet)	501	LIFT
Gabelentz-1892-1074-1007	1007	Heirathen	to marry	VIII. Verba	F. Andere Verba (alphabetisch geordnet)	203	MARRY
Gabelentz-1892-1074-1008	1008	Holen	to get	VIII. Verba	F. Andere Verba (alphabetisch geordnet)	694	GET
Gabelentz-1892-1074-1009	1009	Hüten	to mind, to tend	VIII. Verba	F. Andere Verba (alphabetisch geordnet)	2885	HERD (SOMETHING)
Gabelentz-1892-1074-1010	1010	Jäten	to weed	VIII. Verba	F. Andere Verba (alphabetisch geordnet)	3548	PULL UP WEEDS
Gabelentz-1892-1074-1011	1011	Kaufen	to buy	VIII. Verba	F. Andere Verba (alphabetisch geordnet)	1869	BUY
Gabelentz-1892-1074-1012	1012	verkaufen	to sell	VIII. Verba	F. Andere Verba (alphabetisch geordnet)	1571	SELL
Gabelentz-1892-1074-1013	1013	Kitzeln	to tickle	VIII. Verba	F. Andere Verba (alphabetisch geordnet)	3647	TICKLE (SOMEBODY)
Gabelentz-1892-1074-1014	1014	Klopfen	to tap, to knock	VIII. Verba	F. Andere Verba (alphabetisch geordnet)	2396	KNOCK
Gabelentz-1892-1074-1015	1015	Knarren	to creak	VIII. Verba	F. Andere Verba (alphabetisch geordnet)		
Gabelentz-1892-1074-1016	1016	Kneifen	to pinch	VIII. Verba	F. Andere Verba (alphabetisch geordnet)	378	PINCH
Gabelentz-1892-1074-1017	1017	Kochen	to cook	VIII. Verba	F. Andere Verba (alphabetisch geordnet)	1100	COOK (SOMETHING)
Gabelentz-1892-1074-1018	1018	Kratzen	to scratch	VIII. Verba	F. Andere Verba (alphabetisch geordnet)	1436	SCRATCH
Gabelentz-1892-1074-1019	1019	Lärmen	to make noise	VIII. Verba	F. Andere Verba (alphabetisch geordnet)	2895	MAKE NOISE
Gabelentz-1892-1074-1020	1020	Lassen, verursachen	to cause	VIII. Verba	F. Andere Verba (alphabetisch geordnet)	2896	CAUSE TO (LET)
Gabelentz-1892-1074-1021	1021	Löschen	to extinguish	VIII. Verba	F. Andere Verba (alphabetisch geordnet)	127	EXTINGUISH
Gabelentz-1892-1074-1022	1022	Lösen, erlösen	to release	VIII. Verba	F. Andere Verba (alphabetisch geordnet)	1095	LET GO OR SET FREE
Gabelentz-1892-1074-1023	1023	Machen	to make, to do	VIII. Verba	F. Andere Verba (alphabetisch geordnet)	2575	DO OR MAKE
Gabelentz-1892-1074-1024	1024	Mahlen	to grind, to mill	VIII. Verba	F. Andere Verba (alphabetisch geordnet)	1033	GRIND
Gabelentz-1892-1074-1025	1025	Malen	to draw	VIII. Verba	F. Andere Verba (alphabetisch geordnet)	2001	PAINTING
Gabelentz-1892-1074-1026	1026	Mischen	to mix	VIII. Verba	F. Andere Verba (alphabetisch geordnet)	2017	MIX
Gabelentz-1892-1074-1027	1027	Nähen	to sew	VIII. Verba	F. Andere Verba (alphabetisch geordnet)	1457	SEW
Gabelentz-1892-1074-1028	1028	Nehmen	to take	VIII. Verba	F. Andere Verba (alphabetisch geordnet)	1749	TAKE
Gabelentz-1892-1074-1029	1029	Oeffnen	to open	VIII. Verba	F. Andere Verba (alphabetisch geordnet)	1156	OPEN
Gabelentz-1892-1074-1030	1030	Parieren, abwehren	to ward off	VIII. Verba	F. Andere Verba (alphabetisch geordnet)		
Gabelentz-1892-1074-1031	1031	Quälen	to torture	VIII. Verba	F. Andere Verba (alphabetisch geordnet)	1952	TORTURE
Gabelentz-1892-1074-1032	1032	Reiben	to rub, to grind	VIII. Verba	F. Andere Verba (alphabetisch geordnet)	1449	RUB
Gabelentz-1892-1074-1033	1033	Retten	to rescue	VIII. Verba	F. Andere Verba (alphabetisch geordnet)	2008	RESCUE
Gabelentz-1892-1074-1034	1034	helfen	to help	VIII. Verba	F. Andere Verba (alphabetisch geordnet)	1897	HELP
Gabelentz-1892-1074-1035	1035	Rösten	to roast	VIII. Verba	F. Andere Verba (alphabetisch geordnet)	1962	ROAST (SOMETHING)
Gabelentz-1892-1074-1036	1036	Rudern	to row	VIII. Verba	F. Andere Verba (alphabetisch geordnet)	1849	ROW
Gabelentz-1892-1074-1037	1037	Säen	to sow	VIII. Verba	F. Andere Verba (alphabetisch geordnet)	748	SOW SEEDS
Gabelentz-1892-1074-1038	1038	Sammeln	to collect	VIII. Verba	F. Andere Verba (alphabetisch geordnet)	7	GATHER
Gabelentz-1892-1074-1039	1039	Schälen	to peel	VIII. Verba	F. Andere Verba (alphabetisch geordnet)	275	PEEL
Gabelentz-1892-1074-1040	1040	Schiessen	to shoot	VIII. Verba	F. Andere Verba (alphabetisch geordnet)	1172	SHOOT
Gabelentz-1892-1074-1041	1041	Schlagen	to beat, to strike	VIII. Verba	F. Andere Verba (alphabetisch geordnet)	2133	STRIKE OR BEAT
Gabelentz-1892-1074-1042	1042	Schleifen, wetzen	to grind, to whet	VIII. Verba	F. Andere Verba (alphabetisch geordnet)		
Gabelentz-1892-1074-1043	1043	Schneiden	to cut	VIII. Verba	F. Andere Verba (alphabetisch geordnet)	1432	CUT
Gabelentz-1892-1074-1044	1044	Spielen	to play	VIII. Verba	F. Andere Verba (alphabetisch geordnet)	1413	PLAY
Gabelentz-1892-1074-1045	1045	Stechen	to stab, to sting	VIII. Verba	F. Andere Verba (alphabetisch geordnet)	1434	STAB
Gabelentz-1892-1074-1046	1046	durchbohren	to pierce	VIII. Verba	F. Andere Verba (alphabetisch geordnet)	398	PIERCE
Gabelentz-1892-1074-1047	1047	stossen	to push	VIII. Verba	F. Andere Verba (alphabetisch geordnet)	1452	PUSH
Gabelentz-1892-1074-1048	1048	Stehlen	to steal	VIII. Verba	F. Andere Verba (alphabetisch geordnet)	713	STEAL
Gabelentz-1892-1074-1049	1049	Strafen	to punish	VIII. Verba	F. Andere Verba (alphabetisch geordnet)	3649	PUNISH
Gabelentz-1892-1074-1050	1050	Tätowiren	to tattoo	VIII. Verba	F. Andere Verba (alphabetisch geordnet)		
Gabelentz-1892-1074-1051	1051	Tauschen	to swap, to exchange	VIII. Verba	F. Andere Verba (alphabetisch geordnet)	2509	EXCHANGE
Gabelentz-1892-1074-1052	1052	Theilen, vertheilen	to share	VIII. Verba	F. Andere Verba (alphabetisch geordnet)	884	SHARE
Gabelentz-1892-1074-1053	1053	Tragen	to carry	VIII. Verba	F. Andere Verba (alphabetisch geordnet)	700	CARRY
Gabelentz-1892-1074-1054	1054	Treffen	to hit a target	VIII. Verba	F. Andere Verba (alphabetisch geordnet)	3307	HIT (A TARGET)
Gabelentz-1892-1074-1055	1055	Treiben, vertreiben	to drive, to disperse	VIII. Verba	F. Andere Verba (alphabetisch geordnet)	3290	IMPEL
Gabelentz-1892-1074-1056	1056	Uebergeben, auslieferm	to hand over	VIII. Verba	F. Andere Verba (alphabetisch geordnet)		
Gabelentz-1892-1074-1057	1057	Uebertreten	to pass over, to trespass	VIII. Verba	F. Andere Verba (alphabetisch geordnet)		
Gabelentz-1892-1074-1058	1058	Verbergen	to hide	VIII. Verba	F. Andere Verba (alphabetisch geordnet)	602	HIDE (CONCEAL)
Gabelentz-1892-1074-1059	1059	Verderben, verwüsten	to destroy	VIII. Verba	F. Andere Verba (alphabetisch geordnet)	681	DESTROY
Gabelentz-1892-1074-1060	1060	Vereinigen	to unite	VIII. Verba	F. Andere Verba (alphabetisch geordnet)	1743	JOIN
Gabelentz-1892-1074-1061	1061	Vergelten, rächen	to take revenge	VIII. Verba	F. Andere Verba (alphabetisch geordnet)	495	REVENGE
Gabelentz-1892-1074-1062	1062	Verletzen, verwunden	to wound someone, to hurt someone	VIII. Verba	F. Andere Verba (alphabetisch geordnet)	2411	HURT (SOMEBODY)
Gabelentz-1892-1074-1063	1063	Verlieren	to lose	VIII. Verba	F. Andere Verba (alphabetisch geordnet)	1660	LOSE
Gabelentz-1892-1074-1064	1064	Verrathen	to disclose something, to betray	VIII. Verba	F. Andere Verba (alphabetisch geordnet)		
Gabelentz-1892-1074-1065	1065	Verschliessen	to close	VIII. Verba	F. Andere Verba (alphabetisch geordnet)	1046	SHUT
Gabelentz-1892-1074-1066	1066	Verstopfen	to clog	VIII. Verba	F. Andere Verba (alphabetisch geordnet)	2707	CLOG (SOMETHING)
Gabelentz-1892-1074-1067	1067	Vertilgen	to annihilate	VIII. Verba	F. Andere Verba (alphabetisch geordnet)		
Gabelentz-1892-1074-1068	1068	Weben	to weave	VIII. Verba	F. Andere Verba (alphabetisch geordnet)	133	WEAVE
Gabelentz-1892-1074-1069	1069	Wenden, umdrehen	to turn around	VIII. Verba	F. Andere Verba (alphabetisch geordnet)	1444	TURN AROUND
Gabelentz-1892-1074-1070	1070	Werfen	to throw	VIII. Verba	F. Andere Verba (alphabetisch geordnet)	1456	THROW
Gabelentz-1892-1074-1071	1071	Zeichnen	to draw	VIII. Verba	F. Andere Verba (alphabetisch geordnet)		
Gabelentz-1892-1074-1072	1072	Zerreissen	to rip	VIII. Verba	F. Andere Verba (alphabetisch geordnet)	1735	TEAR (SHRED)
Gabelentz-1892-1074-1073	1073	Zerstreuen	to scatter	VIII. Verba	F. Andere Verba (alphabetisch geordnet)	3705	SCATTER
Gabelentz-1892-1074-1074	1074	Ziehen	to pull	VIII. Verba	F. Andere Verba (alphabetisch geordnet)	1455	PULL
