ID	NUMBER	CONCEPTICON_ID	CONCEPTICON_GLOSS	ENGLISH	GROUP	SEMANTIC FIELD	VISUAL SALIENCE	BROADER_CONCEPT	BROADER_ID
Tjuka-2022-784-1	1	802	ADAM'S APPLE	ADAM'S APPLE	body	human body part	visual		
Tjuka-2022-784-2	2	678	BEARD	BEARD	body	human body part	visual		
Tjuka-2022-784-3	3	1402	BREAST	BREAST	body	human body part	visual	BREAST OR MILK	2129
Tjuka-2022-784-4	4	834	BUTTOCKS	BUTTOCKS	body	human body part	visual		
Tjuka-2022-784-5	5	498	CALF OF LEG	CALF OF LEG	body	human body part	visual		
Tjuka-2022-784-6	6	18	EARLOBE	EARLOBE	body	human body part	visual		
Tjuka-2022-784-7	7	1173	EYEBROW	EYEBROW	body	human body part	visual		
Tjuka-2022-784-8	8	1258	FINGERNAIL	FINGERNAIL	body	human body part	visual	FINGERNAIL OR TOENAIL // CLAW OR NAIL	1896 // 2128
Tjuka-2022-784-9	9	1301	FOOT	FOOT	body	human body part	visual	FOOT OR LEG	2098
Tjuka-2022-784-10	10	1040	HAIR	HAIR	body	human body part	visual	HAIR OR FOREHEAD // FEATHER OR FUR OR HAIR // HAIR OR FUR	2107 // 2381 // 2678
Tjuka-2022-784-11	11	189	HAIR (BODY)	HAIR (BODY)	body	human body part	visual		
Tjuka-2022-784-12	12	2648	HAIR (HEAD)	HAIR (HEAD)	body	human body part	visual		
Tjuka-2022-784-13	13	980	HEEL	HEEL	body	human body part	visual		
Tjuka-2022-784-14	14	3736	INSTEP	INSTEP	body	human body part	visual		
Tjuka-2022-784-15	15	1371	KNEE	KNEE	body	human body part	visual		
Tjuka-2022-784-16	16	3263	LAP	LAP	body	human body part	visual		
Tjuka-2022-784-17	17	2182	LEFT HAND	LEFT HAND	body	human body part	visual	HAND	1277
Tjuka-2022-784-18	18	2774	LITTLE FINGER	LITTLE FINGER	body	human body part	visual		
Tjuka-2022-784-19	19	3387	MIDDLE FINGER	MIDDLE FINGER	body	human body part	visual		
Tjuka-2022-784-20	20	1165	MOUSTACHE	MOUSTACHE	body	human body part	visual		
Tjuka-2022-784-21	21	1183	PALM OF HAND	PALM OF HAND	body	human body part	visual		
Tjuka-2022-784-22	22	36	PUBIC HAIR	PUBIC HAIR	body	human body part	visual		
Tjuka-2022-784-23	23	2183	RIGHT HAND	RIGHT HAND	body	human body part	visual	HAND	1277
Tjuka-2022-784-24	24	2613	SKIN (HUMAN)	SKIN (HUMAN)	body	human body part	visual	BARK OR SKIN	2127
Tjuka-2022-784-25	25	2662	TOENAIL	TOENAIL	body	human body part	visual	FINGERNAIL OR TOENAIL	1896
Tjuka-2022-784-26	26	2667	TORSO	TORSO	body	human body part	visual		
Tjuka-2022-784-27	27	1837	VULVA	VULVA	body	human body part	non-visual		
Tjuka-2022-784-28	28	1681	WAIST	WAIST	body	human body part	visual		
Tjuka-2022-784-29	29	803	ANKLE	ANKLE	body	human body part	visual		
Tjuka-2022-784-30	30	1935	ANUS	ANUS	body	human body part	non-visual		
Tjuka-2022-784-31	31	1673	ARM	ARM	body	human body part	visual	ARM OR HAND	2121
Tjuka-2022-784-32	32	1886	ARMPIT	ARMPIT	body	human body part	visual		
Tjuka-2022-784-33	33	1925	ARTERY	ARTERY	body	human body part	non-visual		
Tjuka-2022-784-34	34	1291	BACK	BACK	body	human body part	non-visual		
Tjuka-2022-784-35	35	523	BACK OF HEAD	BACK OF HEAD	body	human body part	non-visual		
Tjuka-2022-784-36	36	1251	BELLY	BELLY	body	human body part	visual	BELLY OR STOMACH	2114
Tjuka-2022-784-37	37	1746	BLADDER	BLADDER	body	human body part	non-visual		
Tjuka-2022-784-38	38	525	BLOOD VESSEL	BLOOD VESSEL	body	human body part	non-visual		
Tjuka-2022-784-39	39	1480	BODY	BODY	body	human body part	visual		
Tjuka-2022-784-40	40	1394	BONE	BONE	body	human body part	non-visual		
Tjuka-2022-784-41	41	1583	BRAIN	BRAIN	body	human body part	non-visual		
Tjuka-2022-784-42	42	2810	BREASTBONE	BREASTBONE	body	human body part	non-visual		
Tjuka-2022-784-43	43	1730	CHEEK	CHEEK	body	human body part	visual		
Tjuka-2022-784-44	44	1592	CHEST	CHEST	body	human body part	visual		
Tjuka-2022-784-45	45	1510	CHIN	CHIN	body	human body part	visual		
Tjuka-2022-784-46	46	3257	CLITORIS	CLITORIS	body	human body part	non-visual		
Tjuka-2022-784-47	47	1994	COLLARBONE	COLLARBONE	body	human body part	visual		
Tjuka-2022-784-48	48	1247	EAR	EAR	body	human body part	visual	EAR OR HEAR	2126
Tjuka-2022-784-49	49	981	ELBOW	ELBOW	body	human body part	visual		
Tjuka-2022-784-50	50	1248	EYE	EYE	body	human body part	visual		
Tjuka-2022-784-51	51	3807	EYEBALL	EYEBALL	body	human body part	visual		
Tjuka-2022-784-52	52	1540	EYELASH	EYELASH	body	human body part	visual		
Tjuka-2022-784-53	53	17	EYELID	EYELID	body	human body part	visual		
Tjuka-2022-784-54	54	1560	FACE	FACE	body	human body part	visual		
Tjuka-2022-784-55	55	1303	FINGER	FINGER	body	human body part	visual	FINGER OR TOE	2120
Tjuka-2022-784-56	56	2773	FINGERTIP	FINGERTIP	body	human body part	visual		
Tjuka-2022-784-57	57	2259	FLESH	FLESH	body	human body part	non-visual	FLESH OR MEAT	2615
Tjuka-2022-784-58	58	577	FOREFINGER	FOREFINGER	body	human body part	visual		
Tjuka-2022-784-59	59	123	FOREHEAD	FOREHEAD	body	human body part	visual	HAIR OR FOREHEAD	2107
Tjuka-2022-784-60	60	442	FRONT TOOTH (INCISOR)	FRONT TOOTH (INCISOR)	body	human body part	visual		
Tjuka-2022-784-61	61	3372	GALL BLADDER	GALL BLADDER	body	human body part	non-visual		
Tjuka-2022-784-62	62	139	GUMS	GUMS	body	human body part	non-visual		
Tjuka-2022-784-63	63	1334	GUTS	GUTS	body	human body part	non-visual	GUTS OR HEART	2436
Tjuka-2022-784-64	64	1277	HAND	HAND	body	human body part	visual	ARM OR HAND	2121
Tjuka-2022-784-65	65	1256	HEAD	HEAD	body	human body part	visual		
Tjuka-2022-784-66	66	1223	HEART	HEART	body	human body part	non-visual	GUTS OR HEART	2436
Tjuka-2022-784-67	67	1745	HIP	HIP	body	human body part	visual		
Tjuka-2022-784-68	68	2820	HIP BONE	HIP BONE	body	human body part	non-visual		
Tjuka-2022-784-69	69	534	HUMP	HUMP	body	human body part	visual		
Tjuka-2022-784-70	70	1991	INTESTINES	INTESTINES	body	human body part	non-visual		
Tjuka-2022-784-71	71	798	JAW	JAW	body	human body part	visual		
Tjuka-2022-784-72	72	999	JOINT	JOINT	body	human body part	non-visual		
Tjuka-2022-784-73	73	489	KIDNEY	KIDNEY	body	human body part	non-visual		
Tjuka-2022-784-74	74	2824	KNUCKLE	KNUCKLE	body	human body part	visual		
Tjuka-2022-784-75	75	3714	LARYNX	LARYNX	body	human body part	non-visual		
Tjuka-2022-784-76	76	1297	LEG	LEG	body	human body part	visual	FOOT OR LEG	2098
Tjuka-2022-784-77	77	478	LIP	LIP	body	human body part	visual		
Tjuka-2022-784-78	78	1224	LIVER	LIVER	body	human body part	non-visual		
Tjuka-2022-784-79	79	187	LOIN	LOIN	body	human body part	non-visual		
Tjuka-2022-784-80	80	444	LONG HAIR	LONG HAIR	body	human body part	visual	HAIR (HEAD)	2648
Tjuka-2022-784-81	81	446	LOWER ARM	LOWER ARM	body	human body part	visual		
Tjuka-2022-784-82	82	3613	LOWER BACK	LOWER BACK	body	human body part	non-visual		
Tjuka-2022-784-83	83	447	LOWER LEG	LOWER LEG	body	human body part	visual		
Tjuka-2022-784-84	84	688	LUNG	LUNG	body	human body part	non-visual		
Tjuka-2022-784-85	85	1049	MOLAR TOOTH	MOLAR TOOTH	body	human body part	non-visual		
Tjuka-2022-784-86	86	674	MOUTH	MOUTH	body	human body part	non-visual		
Tjuka-2022-784-87	87	1004	MUSCLE	MUSCLE	body	human body part	non-visual		
Tjuka-2022-784-88	88	1347	NAPE (OF NECK)	NAPE (OF NECK)	body	human body part	visual		
Tjuka-2022-784-89	89	1838	NAVEL	NAVEL	body	human body part	visual		
Tjuka-2022-784-90	90	1333	NECK	NECK	body	human body part	visual		
Tjuka-2022-784-91	91	2626	NERVE	NERVE	body	human body part	non-visual		
Tjuka-2022-784-92	92	796	NIPPLE	NIPPLE	body	human body part	visual		
Tjuka-2022-784-93	93	1221	NOSE	NOSE	body	human body part	visual		
Tjuka-2022-784-94	94	1178	NOSTRIL	NOSTRIL	body	human body part	visual		
Tjuka-2022-784-95	95	2674	ORAL CAVITY	ORAL CAVITY	body	human body part	non-visual		
Tjuka-2022-784-96	96	3716	OVARY	OVARY	body	human body part	non-visual		
Tjuka-2022-784-97	97	540	PALATE	PALATE	body	human body part	non-visual		
Tjuka-2022-784-98	98	3252	PANCREAS	PANCREAS	body	human body part	non-visual		
Tjuka-2022-784-99	99	1222	PENIS	PENIS	body	human body part	visual		
Tjuka-2022-784-100	100	3713	PHARYNX	PHARYNX	body	human body part	non-visual		
Tjuka-2022-784-101	101	3388	PLACENTA	PLACENTA	body	human body part	non-visual		
Tjuka-2022-784-102	102	1658	PUPIL	PUPIL	body	human body part	visual		
Tjuka-2022-784-103	103	801	RIB	RIB	body	human body part	non-visual		
Tjuka-2022-784-104	104	2834	SCROTUM	SCROTUM	body	human body part	visual		
Tjuka-2022-784-105	105	186	SHIN	SHIN	body	human body part	visual		
Tjuka-2022-784-106	106	1482	SHOULDER	SHOULDER	body	human body part	visual		
Tjuka-2022-784-107	107	172	SHOULDERBLADE	SHOULDERBLADE	body	human body part	visual		
Tjuka-2022-784-108	108	3344	SIDE (BODY)	SIDE (BODY)	body	human body part	visual		
Tjuka-2022-784-109	109	2668	SKELETON	SKELETON	body	human body part	non-visual		
Tjuka-2022-784-110	110	763	SKIN	SKIN	body	human body part	visual		
Tjuka-2022-784-111	111	1605	SKULL	SKULL	body	human body part	non-visual		
Tjuka-2022-784-112	112	2666	SOLE (FOOT)	SOLE (FOOT)	body	human body part	non-visual		
Tjuka-2022-784-113	113	805	SPINE	SPINE	body	human body part	non-visual		
Tjuka-2022-784-114	114	1744	SPLEEN	SPLEEN	body	human body part	non-visual		
Tjuka-2022-784-115	115	819	STOMACH	STOMACH	body	human body part	non-visual	BELLY OR STOMACH	2114
Tjuka-2022-784-116	116	1604	TEMPLES	TEMPLES	body	human body part	visual		
Tjuka-2022-784-117	117	1137	TENDON	TENDON	body	human body part	non-visual		
Tjuka-2022-784-118	118	797	TESTICLES	TESTICLES	body	human body part	visual		
Tjuka-2022-784-119	119	1346	THROAT	THROAT	body	human body part	non-visual		
Tjuka-2022-784-120	120	1781	THUMB	THUMB	body	human body part	visual		
Tjuka-2022-784-121	121	443	TIP (OF TONGUE)	TIP (OF TONGUE)	body	human body part	visual		
Tjuka-2022-784-122	122	1389	TOE	TOE	body	human body part	visual	FINGER OR TOE	2120
Tjuka-2022-784-123	123	1205	TONGUE	TONGUE	body	human body part	visual		
Tjuka-2022-784-124	124	1380	TOOTH	TOOTH	body	human body part	visual		
Tjuka-2022-784-125	125	2663	UMBILICAL CORD	UMBILICAL CORD	body	human body part	non-visual		
Tjuka-2022-784-126	126	431	UPPER ARM	UPPER ARM	body	human body part	visual		
Tjuka-2022-784-127	127	445	UPPER BACK	UPPER BACK	body	human body part	non-visual		
Tjuka-2022-784-128	128	471	UPPER LEG (THIGH)	UPPER LEG (THIGH)	body	human body part	visual		
Tjuka-2022-784-129	129	2293	UVULA	UVULA	body	human body part	non-visual		
Tjuka-2022-784-130	130	1836	VAGINA	VAGINA	body	human body part	non-visual		
Tjuka-2022-784-131	131	1924	VEIN	VEIN	body	human body part	non-visual		
Tjuka-2022-784-132	132	804	WOMB	WOMB	body	human body part	non-visual		
Tjuka-2022-784-133	133	799	WRIST	WRIST	body	human body part	visual		
Tjuka-2022-784-134	134	3891	EARHOLE	EARHOLE	body	human body part	non-visual		
Tjuka-2022-784-135	135	20	SCYTHE	SCYTHE	object	tool	visual	SICKLE OR SCYTHE	2132
Tjuka-2022-784-136	136	124	THORN	THORN	object	plant	visual		
Tjuka-2022-784-137	137	146	SUGAR CANE	SUGAR CANE	object	plant	visual		
Tjuka-2022-784-138	138	159	SWEET POTATO	SWEET POTATO	object	food	visual		
Tjuka-2022-784-139	139	217	BETELNUT	BETELNUT	object	food	visual		
Tjuka-2022-784-140	140	239	FLOWER	FLOWER	object	plant	visual		
Tjuka-2022-784-141	141	241	TREE STUMP	TREE STUMP	object	plant	visual		
Tjuka-2022-784-142	142	284	HOE	HOE	object	tool	visual		
Tjuka-2022-784-143	143	287	CONE	CONE	object	plant	visual		
Tjuka-2022-784-144	144	337	PITCHFORK	PITCHFORK	object	tool	visual		
Tjuka-2022-784-145	145	338	RAKE	RAKE	object	tool	visual		
Tjuka-2022-784-146	146	339	DIGGING STICK	DIGGING STICK	object	tool	visual		
Tjuka-2022-784-147	147	340	LASSO	LASSO	object	tool	visual		
Tjuka-2022-784-148	148	341	SICKLE	SICKLE	object	tool	visual	SICKLE OR SCYTHE	2132
Tjuka-2022-784-149	149	344	TREE TRUNK	TREE TRUNK	object	plant	visual		
Tjuka-2022-784-150	150	409	FORKED BRANCH	FORKED BRANCH	object	plant	visual		
Tjuka-2022-784-151	151	410	YAM	YAM	object	food	visual		
Tjuka-2022-784-152	152	411	GOURD	GOURD	object	food	visual	GOURD OR MELON	3398
Tjuka-2022-784-153	153	464	ALANG-ALANG GRASS	ALANG-ALANG GRASS	object	plant	visual		
Tjuka-2022-784-154	154	496	CUCUMBER	CUCUMBER	object	food	visual		
Tjuka-2022-784-155	155	506	MAIZE	MAIZE	object	food	visual		
Tjuka-2022-784-156	156	507	MELON	MELON	object	food	visual	GOURD OR MELON	3398
Tjuka-2022-784-157	157	527	DOG-ROSE	DOG-ROSE	object	plant	visual		
Tjuka-2022-784-158	158	546	SUCKER	SUCKER	object	plant	visual		
Tjuka-2022-784-159	159	595	GROUNDNUT (PEANUT)	GROUNDNUT (PEANUT)	object	food	visual		
Tjuka-2022-784-160	160	605	GRAIN	GRAIN	object	food	visual		
Tjuka-2022-784-161	161	606	GRASS	GRASS	object	plant	visual		
Tjuka-2022-784-162	162	628	LEAF	LEAF	object	plant	visual		
Tjuka-2022-784-163	163	641	MUSHROOM	MUSHROOM	object	food	visual		
Tjuka-2022-784-164	164	659	REED	REED	object	plant	visual		
Tjuka-2022-784-165	165	670	ROOT	ROOT	object	plant	non-visual		
Tjuka-2022-784-166	166	714	SEED	SEED	object	plant	visual		
Tjuka-2022-784-167	167	864	PUMPKIN	PUMPKIN	object	food	visual		
Tjuka-2022-784-168	168	868	BANANA	BANANA	object	food	visual		
Tjuka-2022-784-169	169	906	TREE	TREE	object	plant	visual	TREE OR WOOD	2141
Tjuka-2022-784-170	170	922	PEAR	PEAR	object	food	visual		
Tjuka-2022-784-171	171	926	RICE	RICE	object	food	visual		
Tjuka-2022-784-172	172	968	ACORN	ACORN	object	plant	visual		
Tjuka-2022-784-173	173	970	COCONUT	COCONUT	object	food	visual		
Tjuka-2022-784-174	174	982	LIME (FRUIT)	LIME (FRUIT)	object	food	visual		
Tjuka-2022-784-175	175	1124	PIPE	PIPE	object	tool	visual		
Tjuka-2022-784-176	176	1176	SPADE	SPADE	object	tool	visual		
Tjuka-2022-784-177	177	1204	BARK	BARK	object	plant	visual		
Tjuka-2022-784-178	178	1249	SPIKE	SPIKE	object	plant	visual		
Tjuka-2022-784-179	179	1320	APPLE	APPLE	object	food	visual		
Tjuka-2022-784-180	180	1531	BRANCH	BRANCH	object	plant	visual	BRANCH OR TWIG	3223
Tjuka-2022-784-181	181	1684	BUD	BUD	object	plant	visual		
Tjuka-2022-784-182	182	1690	FENCE	FENCE	object	tool	visual		
Tjuka-2022-784-183	183	1800	DANDELION	DANDELION	object	plant	visual		
Tjuka-2022-784-184	184	1901	SHOVEL	SHOVEL	object	tool	visual		
Tjuka-2022-784-185	185	1956	SUNFLOWER	SUNFLOWER	object	plant	visual		
Tjuka-2022-784-186	186	1960	CORNFLOWER	CORNFLOWER	object	plant	visual		
Tjuka-2022-784-187	187	2000	CLOVE	CLOVE	object	food	visual		
Tjuka-2022-784-188	188	2002	DITCH	DITCH	object	landscape	visual		
Tjuka-2022-784-189	189	2026	RICE PLANT	RICE PLANT	object	plant	visual		
Tjuka-2022-784-190	190	2042	WALNUT	WALNUT	object	food	visual		
Tjuka-2022-784-191	191	2043	PEACH	PEACH	object	food	visual		
Tjuka-2022-784-192	192	2044	PERSIMMON	PERSIMMON	object	food	visual		
Tjuka-2022-784-193	193	2154	PLOUGH (INSTRUMENT)	PLOUGH (INSTRUMENT)	object	tool	visual		
Tjuka-2022-784-194	194	2251	BEER BANANA	BEER BANANA	object	food	visual		
Tjuka-2022-784-195	195	2356	CHINESE PLUM	CHINESE PLUM	object	food	visual		
Tjuka-2022-784-196	196	2360	SWEET OLIVE	SWEET OLIVE	object	food	visual		
Tjuka-2022-784-197	197	2363	CHAFF (HUSK)	CHAFF (HUSK)	object	plant	visual		
Tjuka-2022-784-198	198	2365	RADISH	RADISH	object	food	visual		
Tjuka-2022-784-199	199	2366	ONION	ONION	object	food	visual		
Tjuka-2022-784-200	200	2367	MANDARINE	MANDARINE	object	food	visual		
Tjuka-2022-784-201	201	2368	GARLIC	GARLIC	object	food	visual		
Tjuka-2022-784-202	202	2388	LIANA	LIANA	object	plant	visual		
Tjuka-2022-784-203	203	2398	MANGO	MANGO	object	food	visual		
Tjuka-2022-784-204	204	2440	PINEAPPLE	PINEAPPLE	object	food	visual		
Tjuka-2022-784-205	205	2441	CASHEW	CASHEW	object	food	visual		
Tjuka-2022-784-206	206	2442	COCOA BEAN	COCOA BEAN	object	food	visual		
Tjuka-2022-784-207	207	2500	GINGER	GINGER	object	food	visual		
Tjuka-2022-784-208	208	2501	RICE HUSK	RICE HUSK	object	plant	visual		
Tjuka-2022-784-209	209	2545	HARROW (TOOL)	HARROW (TOOL)	object	tool	visual		
Tjuka-2022-784-210	210	2605	ASPARAGUS	ASPARAGUS	object	food	visual		
Tjuka-2022-784-211	211	2617	BULB	BULB	object	plant	visual		
Tjuka-2022-784-212	212	2627	ORANGE (FRUIT)	ORANGE (FRUIT)	object	food	visual		
Tjuka-2022-784-213	213	2628	PLANT STEM	PLANT STEM	object	plant	visual		
Tjuka-2022-784-214	214	2655	JACKFRUIT	JACKFRUIT	object	food	visual		
Tjuka-2022-784-215	215	2744	PLUM BLOSSOM	PLUM BLOSSOM	object	plant	visual		
Tjuka-2022-784-216	216	2745	APRICOT BLOSSOM	APRICOT BLOSSOM	object	plant	visual		
Tjuka-2022-784-217	217	2746	PEACH BLOSSOM	PEACH BLOSSOM	object	plant	visual		
Tjuka-2022-784-218	218	2748	SWEET OLIVE FLOWER	SWEET OLIVE FLOWER	object	plant	visual		
Tjuka-2022-784-219	219	2749	UNHUSKED RICE	UNHUSKED RICE	object	plant	visual		
Tjuka-2022-784-220	220	2750	GLUTINOUS RICE	GLUTINOUS RICE	object	food	visual		
Tjuka-2022-784-221	221	2803	LEAF SPINE	LEAF SPINE	object	plant	non-visual		
Tjuka-2022-784-222	222	2809	BLUEBERRY	BLUEBERRY	object	food	visual		
Tjuka-2022-784-223	223	3034	GREEN COCONUT	GREEN COCONUT	object	plant	visual		
Tjuka-2022-784-224	224	3035	RIPE COCONUT	RIPE COCONUT	object	food	visual		
Tjuka-2022-784-225	225	3036	TREETOP	TREETOP	object	plant	visual		
Tjuka-2022-784-226	226	3050	SEEDLING	SEEDLING	object	plant	visual		
Tjuka-2022-784-227	227	3062	TURNIP	TURNIP	object	food	visual		
Tjuka-2022-784-228	228	3085	CARROT	CARROT	object	food	visual		
Tjuka-2022-784-229	229	3091	LEMON	LEMON	object	food	visual		
Tjuka-2022-784-230	230	3138	STRAWBERRY	STRAWBERRY	object	food	visual		
Tjuka-2022-784-231	231	3155	DIBBLE STICK	DIBBLE STICK	object	tool	visual		
Tjuka-2022-784-232	232	3222	TWIG	TWIG	object	plant	visual	BRANCH OR TWIG	3223
Tjuka-2022-784-233	233	3244	EAR (OF GRAIN)	EAR (OF GRAIN)	object	plant	visual		
Tjuka-2022-784-234	234	3247	KIWIFRUIT	KIWIFRUIT	object	food	visual		
Tjuka-2022-784-235	235	3330	LENTILS	LENTILS	object	food	visual		
Tjuka-2022-784-236	236	3358	SPROUT (SHOOT)	SPROUT (SHOOT)	object	plant	visual		
Tjuka-2022-784-237	237	3390	WILD RICE	WILD RICE	object	plant	visual		
Tjuka-2022-784-238	238	3391	RICE STRAW	RICE STRAW	object	plant	visual		
Tjuka-2022-784-239	239	3444	WAX GOURD	WAX GOURD	object	food	visual		
Tjuka-2022-784-240	240	3686	CORN HUSK	CORN HUSK	object	plant	visual		
Tjuka-2022-784-241	241	3767	RICE SEEDLING	RICE SEEDLING	object	plant	visual		
Tjuka-2022-784-242	242	3801	DATE (FRUIT)	DATE (FRUIT)	object	food	visual		
Tjuka-2022-784-243	243	3803	RASPBERRY	RASPBERRY	object	food	visual		
Tjuka-2022-784-244	244	3815	ALMOND	ALMOND	object	food	visual		
Tjuka-2022-784-245	245	3839	BROAD BEAN	BROAD BEAN	object	food	visual		
Tjuka-2022-784-246	246	3840	CRANBERRY	CRANBERRY	object	food	visual		
Tjuka-2022-784-247	247	3882	ROSE	ROSE	object	plant	visual		
Tjuka-2022-784-248	248	598	SHELL	SHELL	object	animal	visual		
Tjuka-2022-784-249	249	1065	SPIDER WEB	SPIDER WEB	object	animal	visual		
Tjuka-2022-784-250	250	1873	ANTHILL	ANTHILL	object	animal	visual		
Tjuka-2022-784-251	251	2764	CHICKEN NEST	CHICKEN NEST	object	animal	visual		
Tjuka-2022-784-252	252	3412	WASP NEST	WASP NEST	object	animal	visual		
Tjuka-2022-784-253	253	3549	BIRD NEST	BIRD NEST	object	animal	visual		
Tjuka-2022-784-254	254	3857	EGGSHELL	EGGSHELL	object	animal	visual		
Tjuka-2022-784-255	255	135	BOOMERANG	BOOMERANG	object	tool	visual		
Tjuka-2022-784-256	256	195	MAT	MAT	object	household items	visual		
Tjuka-2022-784-257	257	234	PADDLE	PADDLE	object	vehicle	visual	OAR OR PADDLE	3318
Tjuka-2022-784-258	258	245	BROOM	BROOM	object	tool	visual		
Tjuka-2022-784-259	259	290	ADZE	ADZE	object	tool	visual		
Tjuka-2022-784-260	260	292	RUG	RUG	object	household items	visual		
Tjuka-2022-784-261	261	293	NETBAG	NETBAG	object	tool	visual		
Tjuka-2022-784-262	262	294	TUMPLINE	TUMPLINE	object	tool	visual		
Tjuka-2022-784-263	263	295	WHETSTONE	WHETSTONE	object	tool	visual		
Tjuka-2022-784-264	264	356	SHEARS	SHEARS	object	tool	visual		
Tjuka-2022-784-265	265	361	PEG	PEG	object	tool	visual		
Tjuka-2022-784-266	266	362	STRING	STRING	object	tool	visual		
Tjuka-2022-784-267	267	502	NAIL (TOOL)	NAIL (TOOL)	object	tool	visual		
Tjuka-2022-784-268	268	677	AXE	AXE	object	tool	visual		
Tjuka-2022-784-269	269	760	KNOT	KNOT	object	tool	visual		
Tjuka-2022-784-270	270	1002	STATUE	STATUE	object	landscape	visual		
Tjuka-2022-784-271	271	1218	ROPE	ROPE	object	tool	visual		
Tjuka-2022-784-272	272	1254	HANDLE	HANDLE	object	household items	visual		
Tjuka-2022-784-273	273	1481	HAMMER	HAMMER	object	tool	visual		
Tjuka-2022-784-274	274	1539	BASKET	BASKET	object	household items	visual		
Tjuka-2022-784-275	275	1627	CHAIN	CHAIN	object	tool	visual		
Tjuka-2022-784-276	276	1648	ANVIL	ANVIL	object	tool	visual		
Tjuka-2022-784-277	277	1948	SAW	SAW	object	tool	visual		
Tjuka-2022-784-278	278	1971	FAN (OBJECT)	FAN (OBJECT)	object	tool	visual		
Tjuka-2022-784-279	279	1979	CHISEL	CHISEL	object	tool	visual		
Tjuka-2022-784-280	280	2051	DUSTPAN	DUSTPAN	object	tool	visual		
Tjuka-2022-784-281	281	2052	BUCKET	BUCKET	object	tool	visual		
Tjuka-2022-784-282	282	2119	BOW STRING	BOW STRING	object	tool	visual		
Tjuka-2022-784-283	283	2246	BELL	BELL	object	tool	visual		
Tjuka-2022-784-284	284	2319	LID (COVER, CAP)	LID (COVER, CAP)	object	household items	visual		
Tjuka-2022-784-285	285	2459	GRINDSTONE	GRINDSTONE	object	tool	visual		
Tjuka-2022-784-286	286	2468	BAG	BAG	object	clothing	visual		
Tjuka-2022-784-287	287	2604	NOOSE	NOOSE	object	tool	visual		
Tjuka-2022-784-288	288	2653	NET (FOR CATCHING)	NET (FOR CATCHING)	object	tool	visual		
Tjuka-2022-784-289	289	2795	MOSQUITO NET	MOSQUITO NET	object	tool	visual		
Tjuka-2022-784-290	290	2951	POUCH	POUCH	object	clothing	visual		
Tjuka-2022-784-291	291	2959	LEASH	LEASH	object	tool	visual		
Tjuka-2022-784-292	292	2963	NET	NET	object	tool	visual		
Tjuka-2022-784-293	293	2969	RIBBON	RIBBON	object	tool	visual		
Tjuka-2022-784-294	294	2973	STRAP	STRAP	object	tool	visual		
Tjuka-2022-784-295	295	2990	SACK	SACK	object	tool	visual		
Tjuka-2022-784-296	296	3016	FIRE STICK	FIRE STICK	object	tool	visual		
Tjuka-2022-784-297	297	3022	TOP GRINDSTONE	TOP GRINDSTONE	object	tool	visual	GRINDSTONE	2459
Tjuka-2022-784-298	298	3023	BOTTOM GRINDSTONE	BOTTOM GRINDSTONE	object	tool	visual	GRINDSTONE	2459
Tjuka-2022-784-299	299	3057	FLAIL	FLAIL	object	tool	visual		
Tjuka-2022-784-300	300	3065	SADDLE	SADDLE	object	tool	visual		
Tjuka-2022-784-301	301	3088	ENVELOPE	ENVELOPE	object	tool	visual		
Tjuka-2022-784-302	302	3092	LIGHTER	LIGHTER	object	tool	visual		
Tjuka-2022-784-303	303	3094	PAINTBRUSH	PAINTBRUSH	object	tool	visual		
Tjuka-2022-784-304	304	3101	SWING	SWING	object	tool	visual		
Tjuka-2022-784-305	305	3104	THERMOMETER	THERMOMETER	object	tool	visual		
Tjuka-2022-784-306	306	3107	WHISTLE (INSTRUMENT)	WHISTLE (INSTRUMENT)	object	instrument	visual		
Tjuka-2022-784-307	307	3137	OAR	OAR	object	vehicle	visual	OAR OR PADDLE	3318
Tjuka-2022-784-308	308	3159	BURDEN STICK	BURDEN STICK	object	tool	visual		
Tjuka-2022-784-309	309	3303	PICTURE (PAINTING)	PICTURE (PAINTING)	object	household items	visual		
Tjuka-2022-784-310	310	3325	PEARL	PEARL	object	clothing	visual		
Tjuka-2022-784-311	311	3353	SIEVE (TOOL)	SIEVE (TOOL)	object	tool	visual		
Tjuka-2022-784-312	312	3360	BAMBOO BASKET	BAMBOO BASKET	object	tool	visual		
Tjuka-2022-784-313	313	3405	RULER	RULER	object	tool	visual		
Tjuka-2022-784-314	314	3407	FILE (TOOL)	FILE (TOOL)	object	tool	visual		
Tjuka-2022-784-315	315	3408	PLANE (TOOL)	PLANE (TOOL)	object	tool	visual		
Tjuka-2022-784-316	316	3423	DRILL	DRILL	object	tool	visual		
Tjuka-2022-784-317	317	3424	SHEATH	SHEATH	object	tool	visual		
Tjuka-2022-784-318	318	3432	SHOULDER POLE	SHOULDER POLE	object	tool	visual		
Tjuka-2022-784-319	319	3742	POCKETKNIFE	POCKETKNIFE	object	tool	visual		
Tjuka-2022-784-320	320	3830	WALL	WALL	object	landscape	visual		
Tjuka-2022-784-321	321	64	PIN	PIN	object	tool	visual		
Tjuka-2022-784-322	322	151	RAZOR	RAZOR	object	tool	visual		
Tjuka-2022-784-323	323	233	SNOWSHOE	SNOWSHOE	object	clothing	visual		
Tjuka-2022-784-324	324	277	SPINDLE	SPINDLE	object	tool	visual		
Tjuka-2022-784-325	325	278	AWL	AWL	object	tool	visual		
Tjuka-2022-784-326	326	326	CLOAK	CLOAK	object	clothing	visual		
Tjuka-2022-784-327	327	327	PONCHO	PONCHO	object	clothing	visual		
Tjuka-2022-784-328	328	328	GRASS-SKIRT	GRASS-SKIRT	object	clothing	visual		
Tjuka-2022-784-329	329	329	STOCKING	STOCKING	object	clothing	visual		
Tjuka-2022-784-330	330	330	HEADBAND	HEADBAND	object	clothing	visual	HEADBAND OR HEADDRESS	3457
Tjuka-2022-784-331	331	331	HEADDRESS	HEADDRESS	object	clothing	visual	HEADBAND OR HEADDRESS	3457
Tjuka-2022-784-332	332	332	RAG	RAG	object	clothing	visual		
Tjuka-2022-784-333	333	450	CUSHMA	CUSHMA	object	clothing	visual		
Tjuka-2022-784-334	334	461	BOUBOU	BOUBOU	object	clothing	visual		
Tjuka-2022-784-335	335	468	G-STRING	G-STRING	object	clothing	visual		
Tjuka-2022-784-336	336	474	DRESS	DRESS	object	clothing	visual		
Tjuka-2022-784-337	337	585	BOOT	BOOT	object	clothing	visual		
Tjuka-2022-784-338	338	603	COAT	COAT	object	clothing	visual		
Tjuka-2022-784-339	339	629	LEATHER	LEATHER	object	clothing	visual		
Tjuka-2022-784-340	340	757	BUTTON	BUTTON	object	clothing	visual		
Tjuka-2022-784-341	341	770	EARRING	EARRING	object	clothing	visual		
Tjuka-2022-784-342	342	771	HAT	HAT	object	clothing	visual		
Tjuka-2022-784-343	343	772	BELT	BELT	object	clothing	visual		
Tjuka-2022-784-344	344	809	TROUSERS	TROUSERS	object	clothing	visual		
Tjuka-2022-784-345	345	867	GLOVE	GLOVE	object	clothing	visual		
Tjuka-2022-784-346	346	1020	HANDKERCHIEF	HANDKERCHIEF	object	household items	visual		
Tjuka-2022-784-347	347	1021	TOWEL	TOWEL	object	household items	visual		
Tjuka-2022-784-348	348	1029	JEWEL	JEWEL	object	clothing	visual		
Tjuka-2022-784-349	349	1151	VEIL	VEIL	object	clothing	visual		
Tjuka-2022-784-350	350	1161	THREAD	THREAD	object	tool	visual		
Tjuka-2022-784-351	351	1171	MIRROR	MIRROR	object	household items	visual		
Tjuka-2022-784-352	352	1288	CAP	CAP	object	clothing	visual		
Tjuka-2022-784-353	353	1374	RING	RING	object	clothing	visual		
Tjuka-2022-784-354	354	1381	SHOE	SHOE	object	clothing	visual		
Tjuka-2022-784-355	355	1382	NEEDLE (FOR SEWING)	NEEDLE (FOR SEWING)	object	tool	visual		
Tjuka-2022-784-356	356	1475	COMB	COMB	object	household items	visual		
Tjuka-2022-784-357	357	1522	SOCK	SOCK	object	clothing	visual		
Tjuka-2022-784-358	358	1600	SKIRT	SKIRT	object	clothing	visual		
Tjuka-2022-784-359	359	1622	SHIRT	SHIRT	object	clothing	visual		
Tjuka-2022-784-360	360	1754	BRACELET	BRACELET	object	clothing	visual		
Tjuka-2022-784-361	361	1787	LOOM	LOOM	object	tool	visual		
Tjuka-2022-784-362	362	1821	BRUSH	BRUSH	object	household items	visual		
Tjuka-2022-784-363	363	1851	POCKET	POCKET	object	clothing	visual		
Tjuka-2022-784-364	364	1860	BEAD	BEAD	object	clothing	visual		
Tjuka-2022-784-365	365	1961	NECKLACE	NECKLACE	object	clothing	visual		
Tjuka-2022-784-366	366	1965	LOINCLOTH	LOINCLOTH	object	clothing	visual		
Tjuka-2022-784-367	367	2005	MASK	MASK	object	clothing	visual		
Tjuka-2022-784-368	368	2012	COLLAR	COLLAR	object	clothing	visual		
Tjuka-2022-784-369	369	2046	APRON	APRON	object	clothing	visual		
Tjuka-2022-784-370	370	2047	STRAW SANDAL	STRAW SANDAL	object	clothing	visual		
Tjuka-2022-784-371	371	2130	HEADGEAR	HEADGEAR	object	clothing	visual		
Tjuka-2022-784-372	372	2160	BAMBOO HAT	BAMBOO HAT	object	clothing	visual		
Tjuka-2022-784-373	373	2161	HEMP CLOTH	HEMP CLOTH	object	clothing	visual		
Tjuka-2022-784-374	374	2413	SARONG	SARONG	object	clothing	visual		
Tjuka-2022-784-375	375	2671	PENIS SHEATH	PENIS SHEATH	object	clothing	visual		
Tjuka-2022-784-376	376	2770	JACKET	JACKET	object	clothing	visual		
Tjuka-2022-784-377	377	2771	SHAWL	SHAWL	object	clothing	visual		
Tjuka-2022-784-378	378	2953	SLEEVE	SLEEVE	object	clothing	visual		
Tjuka-2022-784-379	379	3087	PACIFIER	PACIFIER	object	tool	visual		
Tjuka-2022-784-380	380	3093	LIPSTICK	LIPSTICK	object	clothing	visual		
Tjuka-2022-784-381	381	3100	SUNGLASSES	SUNGLASSES	object	clothing	visual		
Tjuka-2022-784-382	382	3105	UMBRELLA	UMBRELLA	object	tool	visual		
Tjuka-2022-784-383	383	3140	VEST	VEST	object	clothing	visual		
Tjuka-2022-784-384	384	3149	ARMLET	ARMLET	object	clothing	visual		
Tjuka-2022-784-385	385	3445	YARN	YARN	object	tool	visual		
Tjuka-2022-784-386	386	3540	STRAW RAINCOAT	STRAW RAINCOAT	object	clothing	visual		
Tjuka-2022-784-387	387	3607	MOCCASIN	MOCCASIN	object	clothing	visual		
Tjuka-2022-784-388	388	3711	TIE (NOUN)	TIE (NOUN)	object	clothing	visual		
Tjuka-2022-784-389	389	3712	RAINCOAT	RAINCOAT	object	clothing	visual		
Tjuka-2022-784-390	390	31	PAN	PAN	object	household items	visual		
Tjuka-2022-784-391	391	120	PITCHER	PITCHER	object	household items	visual		
Tjuka-2022-784-392	392	191	NUT	NUT	object	food	visual		
Tjuka-2022-784-393	393	224	MORTAR	MORTAR	object	tool	visual		
Tjuka-2022-784-394	394	225	PESTLE	PESTLE	object	tool	visual		
Tjuka-2022-784-395	395	270	JUG	JUG	object	household items	visual		
Tjuka-2022-784-396	396	271	SAUCER	SAUCER	object	household items	visual		
Tjuka-2022-784-397	397	272	TONGS	TONGS	object	tool	visual		
Tjuka-2022-784-398	398	322	FIG	FIG	object	food	visual		
Tjuka-2022-784-399	399	407	MANIOC BREAD	MANIOC BREAD	object	food	visual		
Tjuka-2022-784-400	400	476	CUP	CUP	object	household items	visual		
Tjuka-2022-784-401	401	480	PLATE	PLATE	object	household items	visual		
Tjuka-2022-784-402	402	593	POTATO	POTATO	object	food	visual		
Tjuka-2022-784-403	403	636	MILL	MILL	object	tool	visual		
Tjuka-2022-784-404	404	744	EGG	EGG	object	animal	visual		
Tjuka-2022-784-405	405	774	CABBAGE	CABBAGE	object	food	visual		
Tjuka-2022-784-406	406	832	BEAN	BEAN	object	food	visual	BEAN OR PEA	2574
Tjuka-2022-784-407	407	854	KETTLE	KETTLE	object	household items	visual		
Tjuka-2022-784-408	408	904	BERRY	BERRY	object	food	visual		
Tjuka-2022-784-409	409	920	GRAPE	GRAPE	object	food	visual		
Tjuka-2022-784-410	410	973	NOODLE	NOODLE	object	food	visual		
Tjuka-2022-784-411	411	975	SPINACH	SPINACH	object	food	visual		
Tjuka-2022-784-412	412	986	TOMATO	TOMATO	object	food	visual		
Tjuka-2022-784-413	413	1143	OVEN	OVEN	object	household items	visual		
Tjuka-2022-784-414	414	1146	AUBERGINE	AUBERGINE	object	food	visual		
Tjuka-2022-784-415	415	1154	OLIVE	OLIVE	object	food	visual		
Tjuka-2022-784-416	416	1302	FORK	FORK	object	household items	visual		
Tjuka-2022-784-417	417	1352	KNIFE	KNIFE	object	household items	visual		
Tjuka-2022-784-418	418	1368	BREAD	BREAD	object	food	visual		
Tjuka-2022-784-419	419	1378	SPOON	SPOON	object	household items	visual		
Tjuka-2022-784-420	420	1462	POT	POT	object	household items	visual		
Tjuka-2022-784-421	421	1507	FRUIT	FRUIT	object	food	visual		
Tjuka-2022-784-422	422	1530	BOWL	BOWL	object	household items	visual		
Tjuka-2022-784-423	423	1569	CHEESE	CHEESE	object	food	visual		
Tjuka-2022-784-424	424	1762	STONE (OF FRUIT)	STONE (OF FRUIT)	object	plant	non-visual		
Tjuka-2022-784-425	425	1874	SAUSAGE	SAUSAGE	object	food	visual		
Tjuka-2022-784-426	426	1987	CHOPSTICKS	CHOPSTICKS	object	household items	visual		
Tjuka-2022-784-427	427	2025	PEA	PEA	object	food	visual	BEAN OR PEA	2574
Tjuka-2022-784-428	428	2028	SOYA BEAN	SOYA BEAN	object	food	visual		
Tjuka-2022-784-429	429	2053	SMALL BOWL	SMALL BOWL	object	household items	visual	BOWL	1530
Tjuka-2022-784-430	430	2055	CLAY POT	CLAY POT	object	household items	visual		
Tjuka-2022-784-431	431	2056	WOK	WOK	object	household items	visual		
Tjuka-2022-784-432	432	2145	ROAST (DEVICE)	ROAST (DEVICE)	object	tool	visual		
Tjuka-2022-784-433	433	2318	CHESTNUT	CHESTNUT	object	food	visual		
Tjuka-2022-784-434	434	2371	BREADFRUIT	BREADFRUIT	object	food	visual		
Tjuka-2022-784-435	435	2373	SKIN (OF FRUIT)	SKIN (OF FRUIT)	object	plant	visual		
Tjuka-2022-784-436	436	2445	PAPAYA	PAPAYA	object	food	visual		
Tjuka-2022-784-437	437	2494	BAMBOO SHOOT	BAMBOO SHOOT	object	food	visual		
Tjuka-2022-784-438	438	2583	PRETZEL	PRETZEL	object	food	visual		
Tjuka-2022-784-439	439	2649	COCONUT SHELL LADLE	COCONUT SHELL LADLE	object	household items	visual		
Tjuka-2022-784-440	440	2657	LADLE	LADLE	object	household items	visual		
Tjuka-2022-784-441	441	2680	MACHETE	MACHETE	object	tool	visual		
Tjuka-2022-784-442	442	2765	CHERRY	CHERRY	object	food	visual		
Tjuka-2022-784-443	443	2766	WATERMELON	WATERMELON	object	food	visual		
Tjuka-2022-784-444	444	2768	LITCHI	LITCHI	object	food	visual		
Tjuka-2022-784-445	445	2772	KITCHEN KNIFE	KITCHEN KNIFE	object	household items	visual		
Tjuka-2022-784-446	446	2779	CHICKEN EGG	CHICKEN EGG	object	food	visual		
Tjuka-2022-784-447	447	2843	CAULIFLOWER	CAULIFLOWER	object	food	visual		
Tjuka-2022-784-448	448	3067	CLEAVER	CLEAVER	object	tool	visual		
Tjuka-2022-784-449	449	3210	KNIFE (FOR EATING)	KNIFE (FOR EATING)	object	household items	visual		
Tjuka-2022-784-450	450	3233	SMALL KNIFE	SMALL KNIFE	object	household items	visual	KITCHEN KNIFE	2772
Tjuka-2022-784-451	451	3264	TRIVET	TRIVET	object	household items	visual		
Tjuka-2022-784-452	452	3289	UNCOOKED RICE	UNCOOKED RICE	object	food	visual		
Tjuka-2022-784-453	453	3409	EARTHEN JUG	EARTHEN JUG	object	household items	visual		
Tjuka-2022-784-454	454	3431	RICE STEAMER	RICE STEAMER	object	household items	visual		
Tjuka-2022-784-455	455	3443	TOFU	TOFU	object	food	visual		
Tjuka-2022-784-456	456	3653	COOKING POT	COOKING POT	object	household items	visual		
Tjuka-2022-784-457	457	3725	AVOCADO	AVOCADO	object	food	visual		
Tjuka-2022-784-458	458	3726	BROCCOLI	BROCCOLI	object	food	visual		
Tjuka-2022-784-459	459	3727	CELERY	CELERY	object	food	visual		
Tjuka-2022-784-460	460	3728	COURGETTE	COURGETTE	object	food	visual		
Tjuka-2022-784-461	461	3729	LETTUCE	LETTUCE	object	food	visual		
Tjuka-2022-784-462	462	3730	APRICOT	APRICOT	object	food	visual		
Tjuka-2022-784-463	463	3731	LYCHEE	LYCHEE	object	food	visual		
Tjuka-2022-784-464	464	3732	POMEGRANATE	POMEGRANATE	object	food	visual		
Tjuka-2022-784-465	465	3765	STORING POT	STORING POT	object	household items	visual		
Tjuka-2022-784-466	466	3766	WATER POT	WATER POT	object	household items	visual		
Tjuka-2022-784-467	467	3873	CHOCOLATE	CHOCOLATE	object	food	visual		
Tjuka-2022-784-468	468	105	MATTRESS	MATTRESS	object	household items	visual		
Tjuka-2022-784-469	469	110	MOTOR	MOTOR	object	vehicle	visual		
Tjuka-2022-784-470	470	219	TOILET	TOILET	object	household items	visual		
Tjuka-2022-784-471	471	395	PILL	PILL	object	food	visual		
Tjuka-2022-784-472	472	596	POSTAGE STAMP	POSTAGE STAMP	object	household items	visual		
Tjuka-2022-784-473	473	638	MOTORCYCLE	MOTORCYCLE	object	vehicle	visual		
Tjuka-2022-784-474	474	662	BATTERY	BATTERY	object	household items	visual		
Tjuka-2022-784-475	475	747	BICYCLE	BICYCLE	object	vehicle	visual		
Tjuka-2022-784-476	476	836	SCREWDRIVER	SCREWDRIVER	object	tool	visual		
Tjuka-2022-784-477	477	874	CANDY	CANDY	object	food	visual		
Tjuka-2022-784-478	478	900	TRAIN	TRAIN	object	vehicle	visual		
Tjuka-2022-784-479	479	915	SINK (BASIN)	SINK (BASIN)	object	household items	visual		
Tjuka-2022-784-480	480	969	CIGARETTE	CIGARETTE	object	food	visual		
Tjuka-2022-784-481	481	1051	CAN	CAN	object	household items	visual		
Tjuka-2022-784-482	482	1070	BUS	BUS	object	vehicle	visual		
Tjuka-2022-784-483	483	1111	CAR	CAR	object	vehicle	visual		
Tjuka-2022-784-484	484	1296	WALKING STICK	WALKING STICK	object	tool	visual		
Tjuka-2022-784-485	485	1298	NEWSPAPER	NEWSPAPER	object	household items	visual		
Tjuka-2022-784-486	486	1315	RADIO	RADIO	object	household items	visual		
Tjuka-2022-784-487	487	1321	BOTTLE	BOTTLE	object	household items	visual		
Tjuka-2022-784-488	488	1362	STREET	STREET	object	landscape	visual		
Tjuka-2022-784-489	489	1379	TELEPHONE	TELEPHONE	object	household items	visual		
Tjuka-2022-784-490	490	1465	BOX	BOX	object	household items	visual	BOX OR CHEST	3150
Tjuka-2022-784-491	491	1488	FAUCET	FAUCET	object	household items	visual		
Tjuka-2022-784-492	492	1497	POSTCARD	POSTCARD	object	household items	visual		
Tjuka-2022-784-493	493	1597	AIRPLANE	AIRPLANE	object	vehicle	visual		
Tjuka-2022-784-494	494	1788	TELEVISION	TELEVISION	object	household items	visual		
Tjuka-2022-784-495	495	1802	SCREW	SCREW	object	tool	visual		
Tjuka-2022-784-496	496	1804	BOMB	BOMB	object	tool	visual		
Tjuka-2022-784-497	497	1898	SPECTACLES	SPECTACLES	object	clothing	visual		
Tjuka-2022-784-498	498	2408	CAKE	CAKE	object	food	visual		
Tjuka-2022-784-499	499	2423	CHANNEL	CHANNEL	object	landscape	visual		
Tjuka-2022-784-500	500	2502	GONG	GONG	object	tool	visual		
Tjuka-2022-784-501	501	2548	BARREL	BARREL	object	tool	visual		
Tjuka-2022-784-502	502	2578	PENCIL	PENCIL	object	household items	visual		
Tjuka-2022-784-503	503	2579	TOOTHBRUSH	TOOTHBRUSH	object	household items	visual		
Tjuka-2022-784-504	504	2580	HELICOPTER	HELICOPTER	object	vehicle	visual		
Tjuka-2022-784-505	505	2582	WHEELCHAIR	WHEELCHAIR	object	vehicle	visual		
Tjuka-2022-784-506	506	2588	GLOBE	GLOBE	object	tool	visual		
Tjuka-2022-784-507	507	2589	WREATH	WREATH	object	clothing	visual		
Tjuka-2022-784-508	508	2590	HARMONICA	HARMONICA	object	instrument	visual		
Tjuka-2022-784-509	509	2593	STILTS	STILTS	object	tool	visual		
Tjuka-2022-784-510	510	2597	HARP	HARP	object	instrument	visual		
Tjuka-2022-784-511	511	2598	DOOR KNOCKER	DOOR KNOCKER	object	household items	visual		
Tjuka-2022-784-512	512	2599	STETHOSCOPE	STETHOSCOPE	object	tool	visual		
Tjuka-2022-784-513	513	2602	FUNNEL	FUNNEL	object	tool	visual		
Tjuka-2022-784-514	514	2603	ACCORDION	ACCORDION	object	instrument	visual		
Tjuka-2022-784-515	515	2606	COMPASS	COMPASS	object	tool	visual		
Tjuka-2022-784-516	516	2607	TRIPOD	TRIPOD	object	tool	visual		
Tjuka-2022-784-517	517	2608	SCROLL	SCROLL	object	tool	visual		
Tjuka-2022-784-518	518	2610	TRELLIS (ARCHITECTURE)	TRELLIS (ARCHITECTURE)	object	tool	visual		
Tjuka-2022-784-519	519	2612	PROTRACTOR	PROTRACTOR	object	tool	visual		
Tjuka-2022-784-520	520	2618	CAMERA	CAMERA	object	tool	visual		
Tjuka-2022-784-521	521	2619	CARD	CARD	object	tool	visual		
Tjuka-2022-784-522	522	2620	CARRIAGE	CARRIAGE	object	vehicle	visual		
Tjuka-2022-784-523	523	2621	CURTAIN	CURTAIN	object	household items	visual		
Tjuka-2022-784-524	524	2622	ENGINE	ENGINE	object	vehicle	non-visual		
Tjuka-2022-784-525	525	2623	FLAG	FLAG	object	tool	visual		
Tjuka-2022-784-526	526	2624	FRAME	FRAME	object	tool	visual		
Tjuka-2022-784-527	527	2625	MAP	MAP	object	tool	visual		
Tjuka-2022-784-528	528	2629	TRAY	TRAY	object	tool	visual		
Tjuka-2022-784-529	529	2630	WHIP	WHIP	object	tool	visual		
Tjuka-2022-784-530	530	2631	WIRE	WIRE	object	tool	visual		
Tjuka-2022-784-531	531	2946	CRADLE	CRADLE	object	household items	visual		
Tjuka-2022-784-532	532	2952	SLAB	SLAB	object	tool	visual		
Tjuka-2022-784-533	533	2956	TUBE	TUBE	object	tool	visual		
Tjuka-2022-784-534	534	2991	SKI	SKI	object	vehicle	visual		
Tjuka-2022-784-535	535	3048	MOUTH HARP	MOUTH HARP	object	instrument	visual		
Tjuka-2022-784-536	536	3051	REED PIPE	REED PIPE	object	instrument	visual		
Tjuka-2022-784-537	537	3052	ERHU	ERHU	object	instrument	visual		
Tjuka-2022-784-538	538	3083	BALLOON	BALLOON	object	household items	visual		
Tjuka-2022-784-539	539	3086	COMPUTER	COMPUTER	object	household items	visual		
Tjuka-2022-784-540	540	3096	RACKET	RACKET	object	tool	visual		
Tjuka-2022-784-541	541	3097	SEWING MACHINE	SEWING MACHINE	object	tool	visual		
Tjuka-2022-784-542	542	3103	TENNIS BALL	TENNIS BALL	object	tool	visual		
Tjuka-2022-784-543	543	3240	BAMBOO MAT	BAMBOO MAT	object	household items	visual		
Tjuka-2022-784-544	544	3304	PICTURE (PHOTOGRAPH)	PICTURE (PHOTOGRAPH)	object	household items	visual		
Tjuka-2022-784-545	545	3733	FERRY	FERRY	object	vehicle	visual		
Tjuka-2022-784-546	546	3745	CRANE (DEVICE)	CRANE (DEVICE)	object	tool	visual		
Tjuka-2022-784-547	547	3746	VASE	VASE	object	household items	visual		
Tjuka-2022-784-548	548	14	YOKE	YOKE	object	tool	visual		
Tjuka-2022-784-549	549	16	SLED	SLED	object	tool	visual		
Tjuka-2022-784-550	550	108	RUDDER	RUDDER	object	vehicle	non-visual		
Tjuka-2022-784-551	551	122	CART	CART	object	vehicle	visual		
Tjuka-2022-784-552	552	182	SPOKE	SPOKE	object	vehicle	visual		
Tjuka-2022-784-553	553	184	MAST	MAST	object	vehicle	visual		
Tjuka-2022-784-554	554	416	OUTRIGGER	OUTRIGGER	object	vehicle	visual		
Tjuka-2022-784-555	555	610	PORT	PORT	object	landscape	visual		
Tjuka-2022-784-556	556	667	ROAD	ROAD	object	landscape	visual	PATH OR ROAD	2457
Tjuka-2022-784-557	557	710	WHEEL	WHEEL	object	vehicle	visual		
Tjuka-2022-784-558	558	740	SHIP	SHIP	object	vehicle	visual		
Tjuka-2022-784-559	559	786	SAILCLOTH	SAILCLOTH	object	vehicle	visual		
Tjuka-2022-784-560	560	1011	BRIDGE	BRIDGE	object	landscape	visual		
Tjuka-2022-784-561	561	1664	RAFT	RAFT	object	tool	visual		
Tjuka-2022-784-562	562	1769	AXLE	AXLE	object	vehicle	visual		
Tjuka-2022-784-563	563	1844	BOAT	BOAT	object	vehicle	visual		
Tjuka-2022-784-564	564	1870	ANCHOR	ANCHOR	object	vehicle	non-visual		
Tjuka-2022-784-565	565	1970	CANOE	CANOE	object	vehicle	visual		
Tjuka-2022-784-566	566	1867	COIN	COIN	object	tool	visual		
Tjuka-2022-784-567	567	3663	COWRIE SHELL	COWRIE SHELL	object	clothing	visual		
Tjuka-2022-784-568	568	2783	SCALES (MEASURE INSTRUMENT)	SCALES (MEASURE INSTRUMENT)	object	tool	visual		
Tjuka-2022-784-569	569	2804	AMULET	AMULET	object	clothing	visual		
Tjuka-2022-784-570	570	3335	SACRED GROVE	SACRED GROVE	object	landscape	visual		
Tjuka-2022-784-571	571	3337	BURIAL MOUND	BURIAL MOUND	object	landscape	visual		
Tjuka-2022-784-572	572	1010	BOUNDARY	BOUNDARY	object	spatial relation	visual		
Tjuka-2022-784-573	573	192	CORNER	CORNER	object	spatial relation	visual		
Tjuka-2022-784-574	574	682	SIDE	SIDE	object	spatial relation	visual		
Tjuka-2022-784-575	575	831	BASE	BASE	object	spatial relation	non-visual		
Tjuka-2022-784-576	576	850	SQUARE	SQUARE	object	spatial relation	visual		
Tjuka-2022-784-577	577	863	EDGE	EDGE	object	spatial relation	visual		
Tjuka-2022-784-578	578	1048	LINE	LINE	object	spatial relation	visual		
Tjuka-2022-784-579	579	1367	CROSS	CROSS	object	spatial relation	visual		
Tjuka-2022-784-580	580	1467	CIRCLE	CIRCLE	object	spatial relation	visual		
Tjuka-2022-784-581	581	1667	HOLE	HOLE	object	landscape	non-visual		
Tjuka-2022-784-582	582	1753	TOP	TOP	object	spatial relation	visual		
Tjuka-2022-784-583	583	1845	BALL	BALL	object	spatial relation	visual		
Tjuka-2022-784-584	584	2194	FRONT (PART)	FRONT (PART)	object	spatial relation	visual		
Tjuka-2022-784-585	585	2199	LOWER PART	LOWER PART	object	spatial relation	visual		
Tjuka-2022-784-586	586	2204	LEDGE	LEDGE	object	landscape	visual		
Tjuka-2022-784-587	587	2205	PEAK	PEAK	object	landscape	visual		
Tjuka-2022-784-588	588	2250	LEAF (LEAFLIKE OBJECT)	LEAF (LEAFLIKE OBJECT)	object	household items	visual		
Tjuka-2022-784-589	589	2323	BACK (PART)	BACK (PART)	object	spatial relation	non-visual		
Tjuka-2022-784-590	590	2989	FRINGE	FRINGE	object	spatial relation	visual		
Tjuka-2022-784-591	591	2992	TIP (OF OBJECT)	TIP (OF OBJECT)	object	spatial relation	visual		
Tjuka-2022-784-592	592	2994	SUPPORT (OF OBJECT)	SUPPORT (OF OBJECT)	object	spatial relation	non-visual		
Tjuka-2022-784-593	593	3255	POINT (POINTED END)	POINT (POINTED END)	object	spatial relation	visual		
Tjuka-2022-784-594	594	300	RATTLE	RATTLE	object	instrument	visual		
Tjuka-2022-784-595	595	648	PAPER	PAPER	object	household items	visual		
Tjuka-2022-784-596	596	775	TRUMPET	TRUMPET	object	instrument	visual	BRASS INSTRUMENT (HORN OR TRUMPET)	2136
Tjuka-2022-784-597	597	777	FLUTE	FLUTE	object	instrument	visual		
Tjuka-2022-784-598	598	794	PEN	PEN	object	household items	visual		
Tjuka-2022-784-599	599	908	DRUM	DRUM	object	instrument	visual		
Tjuka-2022-784-600	600	939	HORN (INSTRUMENT)	HORN (INSTRUMENT)	object	instrument	visual	BRASS INSTRUMENT (HORN OR TRUMPET)	2136
Tjuka-2022-784-601	601	963	BOOK	BOOK	object	household items	visual		
Tjuka-2022-784-602	602	2681	LUTE	LUTE	object	instrument	visual		
Tjuka-2022-784-603	603	3090	GUITAR	GUITAR	object	instrument	visual		
Tjuka-2022-784-604	604	3141	TAMBOURINE	TAMBOURINE	object	instrument	visual		
Tjuka-2022-784-605	605	34	STAIRS	STAIRS	object	household items	visual	LADDER OR STAIRS	2689
Tjuka-2022-784-606	606	80	DOORPOST	DOORPOST	object	household items	visual		
Tjuka-2022-784-607	607	205	TROUGH	TROUGH	object	tool	visual		
Tjuka-2022-784-608	608	280	RIDGEPOLE	RIDGEPOLE	object	tool	non-visual		
Tjuka-2022-784-609	609	281	POST	POST	object	tool	visual		
Tjuka-2022-784-610	610	336	PADLOCK	PADLOCK	object	tool	visual		
Tjuka-2022-784-611	611	625	LAMP	LAMP	object	household items	visual	TORCH OR LAMP	2131
Tjuka-2022-784-612	612	745	SHELF	SHELF	object	household items	visual		
Tjuka-2022-784-613	613	769	ROOF	ROOF	object	household items	visual	THATCH OR ROOF	2100
Tjuka-2022-784-614	614	806	BLANKET	BLANKET	object	household items	visual		
Tjuka-2022-784-615	615	829	RAFTER	RAFTER	object	tool	non-visual		
Tjuka-2022-784-616	616	859	STOVE	STOVE	object	household items	visual		
Tjuka-2022-784-617	617	876	ARCH	ARCH	object	tool	visual		
Tjuka-2022-784-618	618	901	ADOBE	ADOBE	object	tool	visual		
Tjuka-2022-784-619	619	933	WALL (OF HOUSE)	WALL (OF HOUSE)	object	household items	visual		
Tjuka-2022-784-620	620	1006	BRICK	BRICK	object	tool	visual		
Tjuka-2022-784-621	621	1012	LATCH	LATCH	object	tool	visual		
Tjuka-2022-784-622	622	1044	PILLOW	PILLOW	object	household items	visual		
Tjuka-2022-784-623	623	1132	BEAM	BEAM	object	tool	visual		
Tjuka-2022-784-624	624	1158	STEP	STEP	object	household items	visual		
Tjuka-2022-784-625	625	1227	BOARD	BOARD	object	tool	visual		
Tjuka-2022-784-626	626	1273	CANDLE	CANDLE	object	household items	visual		
Tjuka-2022-784-627	627	1305	CHIMNEY	CHIMNEY	object	household items	visual		
Tjuka-2022-784-628	628	1375	WINDOW	WINDOW	object	household items	visual		
Tjuka-2022-784-629	629	1464	LADDER	LADDER	object	tool	visual	LADDER OR STAIRS	2689
Tjuka-2022-784-630	630	1472	KEY	KEY	object	household items	visual		
Tjuka-2022-784-631	631	1476	CHAIR	CHAIR	object	household items	visual		
Tjuka-2022-784-632	632	1567	DOOR	DOOR	object	household items	visual		
Tjuka-2022-784-633	633	1596	LOCK	LOCK	object	household items	visual		
Tjuka-2022-784-634	634	1663	BED	BED	object	household items	visual		
Tjuka-2022-784-635	635	1727	THRESHOLD	THRESHOLD	object	household items	visual		
Tjuka-2022-784-636	636	1775	TABLE	TABLE	object	household items	visual		
Tjuka-2022-784-637	637	1919	TORCH	TORCH	object	tool	visual	TORCH OR LAMP	2131
Tjuka-2022-784-638	638	2019	HAMMOCK	HAMMOCK	object	tool	visual		
Tjuka-2022-784-639	639	2045	COLUMN	COLUMN	object	tool	visual		
Tjuka-2022-784-640	640	2058	STOOL	STOOL	object	household items	visual		
Tjuka-2022-784-641	641	2185	DOORSILLS	DOORSILLS	object	household items	visual		
Tjuka-2022-784-642	642	2584	BENCH	BENCH	object	tool	visual		
Tjuka-2022-784-643	643	2940	GATE	GATE	object	tool	visual		
Tjuka-2022-784-644	644	3084	BLACKBOARD	BLACKBOARD	object	tool	visual		
Tjuka-2022-784-645	645	3099	SOFA	SOFA	object	household items	visual		
Tjuka-2022-784-646	646	3106	WARDROBE	WARDROBE	object	household items	visual		
Tjuka-2022-784-647	647	3176	RACK (FOR STORING FOOD)	RACK (FOR STORING FOOD)	object	household items	visual		
Tjuka-2022-784-648	648	3357	CUPBOARD	CUPBOARD	object	household items	visual		
Tjuka-2022-784-649	649	3404	TILE	TILE	object	household items	visual		
Tjuka-2022-784-650	650	10	FIREWOOD	FIREWOOD	object	tool	visual	FIRE OR FIREWOOD	2675
Tjuka-2022-784-651	651	113	SHORE	SHORE	object	landscape	visual		
Tjuka-2022-784-652	652	221	FIRE	FIRE	object	tool	visual	FIRE OR FIREWOOD	2675
Tjuka-2022-784-653	653	420	FOREST	FOREST	object	landscape	visual		
Tjuka-2022-784-654	654	448	STORM CLOUDS	STORM CLOUDS	object	landscape	visual		
Tjuka-2022-784-655	655	547	SURFACE	SURFACE	object	landscape	visual		
Tjuka-2022-784-656	656	608	GULF	GULF	object	landscape	visual		
Tjuka-2022-784-657	657	614	HILL	HILL	object	landscape	visual	MOUNTAIN OR HILL	2118
Tjuka-2022-784-658	658	618	PRECIPICE	PRECIPICE	object	landscape	visual	PRECIPICE OR SLOPE	3297
Tjuka-2022-784-659	659	622	ISLAND	ISLAND	object	landscape	visual		
Tjuka-2022-784-660	660	623	LAGOON	LAGOON	object	landscape	visual		
Tjuka-2022-784-661	661	624	LAKE	LAKE	object	landscape	visual	POND OR LAKE	3321
Tjuka-2022-784-662	662	639	MOUNTAIN	MOUNTAIN	object	landscape	visual	MOUNTAIN OR HILL	2118
Tjuka-2022-784-663	663	645	OCEAN	OCEAN	object	landscape	visual	SEA OR OCEAN	2282
Tjuka-2022-784-664	664	652	PLAIN	PLAIN	object	landscape	visual		
Tjuka-2022-784-665	665	660	REEF	REEF	object	landscape	visual		
Tjuka-2022-784-666	666	663	BAY	BAY	object	landscape	visual		
Tjuka-2022-784-667	667	666	RIVER	RIVER	object	landscape	visual	RIVER OR WATER	2798
Tjuka-2022-784-668	668	668	ROCK	ROCK	object	landscape	visual	STONE OR ROCK	2125
Tjuka-2022-784-669	669	690	BOTTOM	BOTTOM	object	spatial relation	non-visual		
Tjuka-2022-784-670	670	826	BRANCH (BIFURCATION)	BRANCH (BIFURCATION)	object	landscape	visual		
Tjuka-2022-784-671	671	849	SPRING (OF WATER)	SPRING (OF WATER)	object	landscape	non-visual	SPRING OR WELL	2144
Tjuka-2022-784-672	672	857	STONE	STONE	object	landscape	visual	STONE OR ROCK	2125
Tjuka-2022-784-673	673	889	FLAME	FLAME	object	tool	visual		
Tjuka-2022-784-674	674	921	VALLEY	VALLEY	object	landscape	visual		
Tjuka-2022-784-675	675	943	WATERFALL	WATERFALL	object	landscape	visual		
Tjuka-2022-784-676	676	947	STREAM	STREAM	object	landscape	visual		
Tjuka-2022-784-677	677	954	WELL	WELL	object	landscape	non-visual	SPRING OR WELL	2144
Tjuka-2022-784-678	678	961	PEBBLES	PEBBLES	object	landscape	visual		
Tjuka-2022-784-679	679	978	WAVE	WAVE	object	landscape	visual		
Tjuka-2022-784-680	680	990	CREEK (TIDAL)	CREEK (TIDAL)	object	landscape	visual		
Tjuka-2022-784-681	681	992	CLIFF	CLIFF	object	landscape	visual		
Tjuka-2022-784-682	682	993	RIVER BED	RIVER BED	object	landscape	visual		
Tjuka-2022-784-683	683	1133	MATCH	MATCH	object	tool	visual		
Tjuka-2022-784-684	684	1145	SWAMP	SWAMP	object	landscape	visual		
Tjuka-2022-784-685	685	1150	THUNDER	THUNDER	object	landscape	visual		
Tjuka-2022-784-686	686	1155	CAVE	CAVE	object	landscape	visual		
Tjuka-2022-784-687	687	1188	CHARCOAL	CHARCOAL	object	tool	visual	CHARCOAL OR COAL	2659
Tjuka-2022-784-688	688	1295	STICK	STICK	object	tool	visual		
Tjuka-2022-784-689	689	1313	MOON	MOON	object	landscape	visual	MOON OR MONTH	2463
Tjuka-2022-784-690	690	1343	SUN	SUN	object	landscape	visual	DAY OR SUN	2140
Tjuka-2022-784-691	691	1430	STAR	STAR	object	landscape	visual		
Tjuka-2022-784-692	692	1474	SEA	SEA	object	landscape	visual	SEA OR OCEAN	2282
Tjuka-2022-784-693	693	1489	CLOUD	CLOUD	object	landscape	visual		
Tjuka-2022-784-694	694	1525	COAST	COAST	object	landscape	visual		
Tjuka-2022-784-695	695	1614	SUMMIT	SUMMIT	object	landscape	visual		
Tjuka-2022-784-696	696	1661	STRAIT	STRAIT	object	landscape	visual		
Tjuka-2022-784-697	697	1662	CAPE	CAPE	object	landscape	visual		
Tjuka-2022-784-698	698	1670	RAPIDS	RAPIDS	object	landscape	visual		
Tjuka-2022-784-699	699	1701	RIVER MOUTH	RIVER MOUTH	object	landscape	visual		
Tjuka-2022-784-700	700	1732	SKY	SKY	object	landscape	visual		
Tjuka-2022-784-701	701	1733	RAINBOW	RAINBOW	object	landscape	visual		
Tjuka-2022-784-702	702	1748	RIDGE	RIDGE	object	landscape	visual		
Tjuka-2022-784-703	703	1803	WOOD	WOOD	object	landscape	visual	TREE OR WOOD	2141
Tjuka-2022-784-704	704	1930	RAVINE	RAVINE	object	landscape	visual		
Tjuka-2022-784-705	705	1982	WHIRLPOOL	WHIRLPOOL	object	landscape	visual		
Tjuka-2022-784-706	706	2007	BOLT (OF LIGHTNING)	BOLT (OF LIGHTNING)	object	landscape	visual		
Tjuka-2022-784-707	707	2035	POND	POND	object	landscape	visual	POND OR LAKE	3321
Tjuka-2022-784-708	708	2122	MOUNTAIN FOOT	MOUNTAIN FOOT	object	landscape	visual		
Tjuka-2022-784-709	709	2123	MOUNTAIN RIDGE	MOUNTAIN RIDGE	object	landscape	visual		
Tjuka-2022-784-710	710	2284	CLEARING	CLEARING	object	landscape	visual		
Tjuka-2022-784-711	711	2286	ESTUARY	ESTUARY	object	landscape	visual		
Tjuka-2022-784-712	712	2287	HORIZON	HORIZON	object	landscape	visual		
Tjuka-2022-784-713	713	2288	METEROID (SHOOTING OR SHINING STAR)	METEROID (SHOOTING OR SHINING STAR)	object	landscape	visual		
Tjuka-2022-784-714	714	2289	MILKY WAY	MILKY WAY	object	landscape	visual		
Tjuka-2022-784-715	715	2290	PUDDLE	PUDDLE	object	landscape	visual		
Tjuka-2022-784-716	716	2291	VOLCANO	VOLCANO	object	landscape	visual		
Tjuka-2022-784-717	717	2252	PATH	PATH	object	landscape	visual	PATH OR ROAD	2457
Tjuka-2022-784-718	718	2299	STRAW	STRAW	object	plant	visual		
Tjuka-2022-784-719	719	2532	TORNADO	TORNADO	object	landscape	visual		
Tjuka-2022-784-720	720	2538	TRENCH (FOSSE)	TRENCH (FOSSE)	object	landscape	non-visual		
Tjuka-2022-784-721	721	2539	PIT (POTHOLE)	PIT (POTHOLE)	object	landscape	non-visual		
Tjuka-2022-784-722	722	2658	COAL	COAL	object	tool	visual	CHARCOAL OR COAL	2659
Tjuka-2022-784-723	723	2672	HEADWATERS	HEADWATERS	object	landscape	visual		
Tjuka-2022-784-724	724	2818	FORD (CROSSING)	FORD (CROSSING)	object	landscape	visual		
Tjuka-2022-784-725	725	2835	SHOOTING STAR	SHOOTING STAR	object	landscape	visual		
Tjuka-2022-784-726	726	2935	CURRENT (STREAM)	CURRENT (STREAM)	object	landscape	visual		
Tjuka-2022-784-727	727	2936	ELEVATION	ELEVATION	object	landscape	visual		
Tjuka-2022-784-728	728	3019	SAND HILL	SAND HILL	object	landscape	visual		
Tjuka-2022-784-729	729	3028	GRAVEL	GRAVEL	object	landscape	visual		
Tjuka-2022-784-730	730	3076	SLOPE	SLOPE	object	landscape	visual	PRECIPICE OR SLOPE	3297
Tjuka-2022-784-731	731	3179	CORAL ROCK	CORAL ROCK	object	landscape	non-visual		
Tjuka-2022-784-732	732	3311	FLOWING BODY OF WATER	FLOWING BODY OF WATER	object	landscape	visual		
Tjuka-2022-784-733	733	3339	POLAR STAR	POLAR STAR	object	landscape	visual		
Tjuka-2022-784-734	734	3340	MORNING STAR	MORNING STAR	object	landscape	visual		
Tjuka-2022-784-735	735	3341	EVENING STAR	EVENING STAR	object	landscape	visual		
Tjuka-2022-784-736	736	3342	URSA MAJOR	URSA MAJOR	object	landscape	visual		
Tjuka-2022-784-737	737	3343	ORIONS BELT	ORIONS BELT	object	landscape	visual		
Tjuka-2022-784-738	738	3460	BEACH	BEACH	object	landscape	visual		
Tjuka-2022-784-739	739	3463	RIVERBANK	RIVERBANK	object	landscape	visual		
Tjuka-2022-784-740	740	3464	SHORE OF LAKE	SHORE OF LAKE	object	landscape	visual		
Tjuka-2022-784-741	741	3465	SHORE OF SEA	SHORE OF SEA	object	landscape	visual		
Tjuka-2022-784-742	742	3687	DESERT	DESERT	object	landscape	visual		
Tjuka-2022-784-743	743	3688	MARSH	MARSH	object	landscape	visual		
Tjuka-2022-784-744	744	3689	BUBBLE	BUBBLE	object	landscape	visual		
Tjuka-2022-784-745	745	3690	FULL MOON	FULL MOON	object	landscape	visual		
Tjuka-2022-784-746	746	3691	NEW MOON	NEW MOON	object	landscape	non-visual		
Tjuka-2022-784-747	747	3740	WHIRLWIND	WHIRLWIND	object	landscape	visual		
Tjuka-2022-784-748	748	3800	IVORY	IVORY	object	animal	visual		
Tjuka-2022-784-749	749	3810	BOULDER	BOULDER	object	landscape	visual		
Tjuka-2022-784-750	750	3816	WAXING MOON	WAXING MOON	object	landscape	visual		
Tjuka-2022-784-751	751	3817	WANING MOON	WANING MOON	object	landscape	visual		
Tjuka-2022-784-752	752	3821	BROOK	BROOK	object	landscape	visual		
Tjuka-2022-784-753	753	3878	DIAMOND	DIAMOND	object	clothing	visual		
Tjuka-2022-784-754	754	1323	CLOCK	CLOCK	object	household items	visual		
Tjuka-2022-784-755	755	3349	WRISTWATCH	WRISTWATCH	object	clothing	visual		
Tjuka-2022-784-756	756	19	FISHING LINE	FISHING LINE	object	tool	visual		
Tjuka-2022-784-757	757	386	BATTLE-AXE	BATTLE-AXE	object	tool	visual		
Tjuka-2022-784-758	758	387	SLING	SLING	object	tool	visual		
Tjuka-2022-784-759	759	388	FISHNET	FISHNET	object	tool	visual		
Tjuka-2022-784-760	760	389	FISH TRAP	FISH TRAP	object	tool	visual		
Tjuka-2022-784-761	761	432	BLOWGUN	BLOWGUN	object	tool	visual		
Tjuka-2022-784-762	762	841	FISHING SPEAR	FISHING SPEAR	object	tool	visual		
Tjuka-2022-784-763	763	869	BLADE	BLADE	object	tool	visual		
Tjuka-2022-784-764	764	945	SPEAR	SPEAR	object	tool	visual		
Tjuka-2022-784-765	765	977	ARROW	ARROW	object	tool	visual		
Tjuka-2022-784-766	766	994	BOW	BOW	object	tool	visual	BOW OR CROSSBOW	3228
Tjuka-2022-784-767	767	995	QUIVER (FOR ARROWS)	QUIVER (FOR ARROWS)	object	tool	visual		
Tjuka-2022-784-768	768	1064	SHIELD	SHIELD	object	tool	visual		
Tjuka-2022-784-769	769	1071	HOOK	HOOK	object	tool	visual		
Tjuka-2022-784-770	770	1074	FISHHOOK	FISHHOOK	object	tool	visual		
Tjuka-2022-784-771	771	1075	TRAP (PITFALL)	TRAP (PITFALL)	object	tool	visual		
Tjuka-2022-784-772	772	1114	BULLET	BULLET	object	tool	visual		
Tjuka-2022-784-773	773	1535	SWORD	SWORD	object	tool	visual		
Tjuka-2022-784-774	774	1566	GUN	GUN	object	tool	visual	CANNON OR GUN	3203
Tjuka-2022-784-775	775	1680	HELMET	HELMET	object	clothing	visual		
Tjuka-2022-784-776	776	1763	CLUB	CLUB	object	tool	visual		
Tjuka-2022-784-777	777	1878	COCK	COCK	object	tool	visual		
Tjuka-2022-784-778	778	2013	BAIT	BAIT	object	tool	visual		
Tjuka-2022-784-779	779	2677	SPEARTHROWER	SPEARTHROWER	object	tool	visual		
Tjuka-2022-784-780	780	3102	TANK	TANK	object	vehicle	visual		
Tjuka-2022-784-781	781	3193	CROSSBOW	CROSSBOW	object	tool	visual	BOW OR CROSSBOW	3228
Tjuka-2022-784-782	782	3202	CANNON	CANNON	object	tool	visual	CANNON OR GUN	3203
Tjuka-2022-784-783	783	3320	SNARE (TRAP)	SNARE (TRAP)	object	tool	visual		
Tjuka-2022-784-784	784	3881	PISTOL	PISTOL	object	tool	visual		